Order_ID,Distance_km,Traffic_Level,Time_of_Day,Preparation_Time_min,Courier_Experience_yrs,Weather_Clear,Weather_Foggy,Weather_Rainy,Weather_Snowy,Weather_Windy,Vehicle_Type_Bike,Vehicle_Type_Car,Vehicle_Type_Scooter,Delivery_Time_min
522,-0.23749368367862556,-1.0,0.0,-0.4166666666666667,-0.8,0.0,0.0,0.0,0.0,1.0,-1.0,0.0,1.0,43
738,0.6205154118241539,0.0,0.5,0.25,-0.6,1.0,0.0,0.0,0.0,0.0,0.0,0.0,0.0,84
741,-0.0768064679130874,-1.0,1.0,0.9166666666666666,-0.8,0.0,1.0,0.0,0.0,0.0,-1.0,0.0,1.0,59
661,-0.28701364325416867,0.0,0.0,-1.0,-0.8,0.0,0.0,1.0,0.0,0.0,-1.0,0.0,1.0,37
412,0.8842849924204146,-1.0,-0.5,-0.08333333333333333,0.0,1.0,0.0,0.0,0.0,0.0,0.0,0.0,0.0,68
679,0.921677614957049,-1.0,0.5,-0.75,0.8,1.0,0.0,0.0,0.0,0.0,-1.0,0.0,1.0,57
514,0.7185447195553312,0.0,0.5,-1.0,0.2,1.0,0.0,0.0,0.0,0.0,-1.0,0.0,1.0,46
860,-0.8590197069226883,-1.0,0.5,0.25,0.2,0.0,0.0,0.0,1.0,0.0,-1.0,1.0,0.0,35
137,0.034360788276907514,-1.0,0.5,1.0,-0.8,0.0,1.0,0.0,0.0,0.0,-1.0,0.0,1.0,73
812,0.6649823143001516,0.0,0.0,-0.3333333333333333,-0.2,0.0,0.0,0.0,1.0,0.0,-1.0,1.0,0.0,88
77,0.5315816068721576,-1.0,1.0,1.0,-0.8,1.0,0.0,0.0,0.0,0.0,0.0,0.0,0.0,76
637,0.06164729661445187,1.0,1.0,-0.4166666666666667,0.0,1.0,0.0,0.0,0.0,0.0,0.0,0.0,0.0,53
974,-0.5649317837291561,0.0,0.5,-0.4166666666666667,0.4,0.0,0.0,1.0,0.0,0.0,-1.0,0.0,1.0,36
900,-0.8196058615462355,-1.0,0.5,-0.16666666666666666,-0.4,0.0,0.0,0.0,1.0,0.0,-1.0,1.0,0.0,35
281,0.7660434562910561,-1.0,0.0,-1.0,-0.8,0.0,0.0,1.0,0.0,0.0,0.0,0.0,0.0,50
884,-0.7832238504295099,-1.0,-0.5,-0.9166666666666666,0.6,0.0,0.0,0.0,1.0,0.0,0.0,0.0,0.0,24
762,-0.37392622536634657,-1.0,0.5,-0.9166666666666666,0.4,0.0,1.0,0.0,0.0,0.0,-1.0,1.0,0.0,27
320,-0.495199595755432,0.0,0.5,0.75,-0.8,1.0,0.0,0.0,0.0,0.0,-1.0,0.0,1.0,47
550,0.5336028297119759,-1.0,0.0,0.9166666666666666,-1.0,0.0,0.0,1.0,0.0,0.0,-1.0,0.0,1.0,72
175,0.28297119757453265,-1.0,-0.5,-0.08333333333333333,-0.2,0.0,0.0,1.0,0.0,0.0,-1.0,1.0,0.0,58
372,-0.9519959575543204,1.0,0.0,0.75,0.0,1.0,0.0,0.0,0.0,0.0,0.0,0.0,0.0,37
528,-0.44972208185952495,1.0,0.5,0.8333333333333334,0.8,1.0,0.0,0.0,0.0,0.0,-1.0,1.0,0.0,56
236,0.43557352198079846,0.0,-0.5,-0.16666666666666666,0.2,1.0,0.0,0.0,0.0,0.0,0.0,0.0,0.0,64
102,0.2657908034360789,0.0,0.5,-0.5,0.2,0.0,0.0,0.0,0.0,1.0,0.0,0.0,0.0,56
987,0.36786255684689245,-1.0,-0.5,0.08333333333333333,-0.2,0.0,0.0,0.0,1.0,0.0,-1.0,0.0,1.0,70
903,-0.6306215260232441,-1.0,1.0,-0.5,0.8,0.0,0.0,0.0,1.0,0.0,0.0,0.0,0.0,70
948,0.7852450732693281,0.0,0.5,-0.5833333333333334,0.4,1.0,0.0,0.0,0.0,0.0,-1.0,0.0,1.0,123
347,0.26275896917635183,0.0,-0.5,-0.75,0.0,1.0,0.0,0.0,0.0,0.0,-1.0,0.0,1.0,52
140,0.9267306720565943,1.0,-0.5,0.25,0.2,0.0,0.0,1.0,0.0,0.0,-1.0,0.0,1.0,108
622,-0.5760485093481555,1.0,-0.5,0.4166666666666667,0.8,1.0,0.0,0.0,0.0,0.0,-1.0,0.0,1.0,45
500,0.9550277918140476,0.0,0.5,0.8333333333333334,-0.2,0.0,1.0,0.0,0.0,0.0,0.0,0.0,0.0,111
371,-0.789287518948964,0.0,-0.5,0.8333333333333334,-0.6,0.0,0.0,0.0,0.0,1.0,0.0,0.0,0.0,44
199,0.759979787771602,0.0,-0.5,-0.08333333333333333,0.8,0.0,0.0,0.0,1.0,0.0,0.0,0.0,0.0,73
688,-0.4365841334007074,0.0,0.0,0.4166666666666667,0.4,1.0,0.0,0.0,0.0,0.0,0.0,0.0,0.0,45
585,0.2597271349166246,0.0,0.0,0.08333333333333333,0.4,0.0,0.0,0.0,0.0,1.0,-1.0,0.0,1.0,61
902,-0.9358261748357757,0.0,0.0,0.6666666666666666,-0.2,1.0,0.0,0.0,0.0,0.0,0.0,0.0,0.0,34
60,-0.3476503284487114,0.0,1.0,-0.25,0.6,0.0,0.0,1.0,0.0,0.0,-1.0,1.0,0.0,47
329,-0.16169782718544717,0.0,-0.5,-0.75,0.0,0.0,0.0,1.0,0.0,0.0,0.0,0.0,0.0,52
97,0.04143506821627086,0.0,1.0,0.6666666666666666,0.8,1.0,0.0,0.0,0.0,0.0,0.0,0.0,0.0,67
975,-0.9267306720565943,-1.0,-0.5,-1.0,0.2,1.0,0.0,0.0,0.0,0.0,0.0,0.0,0.0,8
300,-0.8206164729661445,-1.0,0.5,-0.16666666666666666,-1.0,0.0,0.0,0.0,1.0,0.0,-1.0,0.0,1.0,36
278,0.29206670035371407,0.0,0.0,-0.08333333333333333,-0.2,0.0,0.0,0.0,0.0,1.0,0.0,0.0,0.0,67
925,-0.15058110156644772,-1.0,1.0,-0.25,0.2,0.0,0.0,0.0,1.0,0.0,0.0,0.0,0.0,43
602,-0.43961596766043454,-1.0,0.0,0.16666666666666666,-0.4,1.0,0.0,0.0,0.0,0.0,-1.0,0.0,1.0,36
440,-0.8276907529055079,-1.0,1.0,0.5,-0.6,0.0,0.0,1.0,0.0,0.0,0.0,0.0,0.0,36
838,-0.2738756947953511,-1.0,-0.5,0.3333333333333333,-1.0,1.0,0.0,0.0,0.0,0.0,0.0,0.0,0.0,56
571,0.0242546740778171,0.0,0.0,-0.75,-0.2,0.0,0.0,1.0,0.0,0.0,-1.0,0.0,1.0,56
880,-0.5507832238504294,-1.0,-0.5,0.6666666666666666,0.8,0.0,0.0,1.0,0.0,0.0,-1.0,1.0,0.0,47
262,0.9631126831733199,0.0,0.0,0.25,0.0,0.0,0.0,0.0,1.0,0.0,-1.0,1.0,0.0,104
579,-0.018191005558362783,-1.0,0.5,-0.75,-0.2,0.0,0.0,1.0,0.0,0.0,-1.0,1.0,0.0,50
24,-0.26680141485598785,-1.0,0.0,-0.5833333333333334,0.6,0.0,0.0,0.0,0.0,1.0,-1.0,1.0,0.0,31
31,0.20919656392117233,-1.0,-0.5,-0.5833333333333334,0.2,1.0,0.0,0.0,0.0,0.0,-1.0,0.0,1.0,35
618,-0.4426478019201616,-1.0,0.5,0.75,0.8,0.0,0.0,1.0,0.0,0.0,-1.0,1.0,0.0,44
11,-0.9479535118746841,-1.0,0.0,0.25,0.6,1.0,0.0,0.0,0.0,0.0,0.0,0.0,0.0,23
222,0.13137948458817592,0.0,-0.5,-0.08333333333333333,-0.6,1.0,0.0,0.0,0.0,0.0,-1.0,0.0,1.0,61
821,0.5942395149065185,1.0,0.0,-0.5,-0.8,1.0,0.0,0.0,0.0,0.0,0.0,0.0,0.0,82
297,0.5285497726124306,-1.0,0.5,0.0,0.8,1.0,0.0,0.0,0.0,0.0,0.0,0.0,0.0,69
55,0.18999494694290053,1.0,0.5,-0.5,-1.0,0.0,0.0,0.0,0.0,1.0,-1.0,0.0,1.0,69
543,-0.5376452753916119,1.0,-0.5,0.3333333333333333,-1.0,0.0,0.0,1.0,0.0,0.0,0.0,0.0,0.0,60
210,-0.6710459828196058,1.0,0.5,0.0,0.2,0.0,0.0,0.0,0.0,1.0,0.0,0.0,0.0,40
605,-0.7508842849924204,-1.0,-0.5,0.75,-1.0,1.0,0.0,0.0,0.0,0.0,-1.0,0.0,1.0,38
693,0.01212733703890864,-1.0,0.5,-0.08333333333333333,-0.2,1.0,0.0,0.0,0.0,0.0,0.0,0.0,0.0,52
663,0.20515411824153626,-1.0,-0.5,1.0,-0.2,0.0,0.0,0.0,0.0,1.0,0.0,0.0,0.0,68
867,-0.6821627084386054,0.0,0.0,-0.3333333333333333,0.4,1.0,0.0,0.0,0.0,0.0,0.0,0.0,0.0,31
71,0.5336028297119759,0.0,0.5,-0.25,-0.4,1.0,0.0,0.0,0.0,0.0,0.0,0.0,0.0,54
544,0.33552299140980296,0.0,0.0,0.8333333333333334,-1.0,1.0,0.0,0.0,0.0,0.0,0.0,0.0,0.0,87
108,0.5002526528549774,1.0,-0.5,-1.0,-1.0,0.0,0.0,0.0,1.0,0.0,0.0,0.0,0.0,62
591,-0.7145022738756948,1.0,1.0,-0.08333333333333333,-1.0,0.0,0.0,1.0,0.0,0.0,-1.0,0.0,1.0,42
742,-0.3941384537645275,-1.0,0.5,-0.08333333333333333,-0.8,0.0,0.0,0.0,1.0,0.0,0.0,0.0,0.0,111
293,0.6326427488630622,-1.0,0.0,-0.9166666666666666,0.4,0.0,0.0,1.0,0.0,0.0,-1.0,0.0,1.0,51
290,0.17584638706417385,-1.0,-0.5,-0.6666666666666666,0.4,1.0,0.0,0.0,0.0,0.0,-1.0,1.0,0.0,41
653,0.16776149570490148,-1.0,0.5,0.25,-0.4,1.0,0.0,0.0,0.0,0.0,0.0,0.0,0.0,69
40,-0.12127337038908532,-1.0,0.0,-0.25,0.0,1.0,0.0,0.0,0.0,0.0,-1.0,0.0,1.0,49
590,-0.6892369883779687,0.0,-0.5,0.5,-0.4,0.0,0.0,0.0,1.0,0.0,-1.0,0.0,1.0,48
308,-0.3516927741283476,0.0,-0.5,-0.3333333333333333,0.4,0.0,1.0,0.0,0.0,0.0,-1.0,0.0,1.0,46
680,0.717534108135422,0.0,0.0,-0.5,-0.6,0.0,0.0,1.0,0.0,0.0,-1.0,0.0,1.0,92
67,-0.7104598281960586,-1.0,-0.5,0.5,0.4,1.0,0.0,0.0,0.0,0.0,0.0,0.0,0.0,32
276,0.0,0.0,0.5,1.0,-0.4,1.0,0.0,0.0,0.0,0.0,-1.0,0.0,1.0,71
68,0.5922182920667005,-1.0,1.0,-0.9166666666666666,0.8,1.0,0.0,0.0,0.0,0.0,-1.0,1.0,0.0,65
319,-0.6801414855987873,0.0,0.5,0.5,-1.0,1.0,0.0,0.0,0.0,0.0,0.0,0.0,0.0,43
999,0.8842849924204146,-1.0,0.0,0.75,0.0,1.0,0.0,0.0,0.0,0.0,-1.0,1.0,0.0,68
715,-0.3011622031328954,-1.0,1.0,-0.25,0.4,1.0,0.0,0.0,0.0,0.0,-1.0,0.0,1.0,28
754,-0.3284487114704395,-1.0,0.5,0.3333333333333333,-0.8,1.0,0.0,0.0,0.0,0.0,-1.0,0.0,1.0,44
328,0.2172814552804447,-1.0,0.0,-0.4166666666666667,-1.0,0.0,0.0,0.0,1.0,0.0,-1.0,1.0,0.0,70
452,0.11217786760990411,1.0,0.5,-0.25,-0.8,0.0,0.0,1.0,0.0,0.0,-1.0,0.0,1.0,72
523,0.9226882263769581,-1.0,-0.5,-0.8333333333333334,-0.4,1.0,0.0,0.0,0.0,0.0,-1.0,1.0,0.0,48
219,0.29206670035371407,1.0,0.5,0.0,0.6,0.0,0.0,1.0,0.0,0.0,-1.0,0.0,1.0,69
788,-0.19807983830217274,-1.0,0.0,-0.4166666666666667,-0.6,0.0,0.0,1.0,0.0,0.0,-1.0,1.0,0.0,49
765,-0.922688226376958,-1.0,0.0,0.75,-0.2,1.0,0.0,0.0,0.0,0.0,-1.0,0.0,1.0,30
89,0.759979787771602,1.0,0.0,-0.4166666666666667,0.8,0.0,0.0,0.0,0.0,1.0,-1.0,1.0,0.0,73
64,-0.28499242041435063,0.0,0.5,-0.75,0.0,1.0,0.0,0.0,0.0,0.0,0.0,0.0,0.0,42
827,-0.30621526023244056,0.0,0.0,0.08333333333333333,-0.2,1.0,0.0,0.0,0.0,0.0,-1.0,0.0,1.0,45
717,0.6488125315816069,0.0,0.0,0.9166666666666666,-0.8,1.0,0.0,0.0,0.0,0.0,-1.0,0.0,1.0,76
352,0.6993431025770591,1.0,0.0,-0.25,-0.6,0.0,0.0,1.0,0.0,0.0,-1.0,0.0,1.0,94
937,-0.9519959575543204,0.0,0.0,0.3333333333333333,0.4,1.0,0.0,0.0,0.0,0.0,-1.0,1.0,0.0,28
257,0.8569984840828704,0.0,0.5,-0.16666666666666666,-0.6,1.0,0.0,0.0,0.0,0.0,-1.0,1.0,0.0,80
636,-0.10712481051035865,0.0,0.0,0.08333333333333333,0.8,1.0,0.0,0.0,0.0,0.0,-1.0,1.0,0.0,57
645,-0.7518948964123294,-1.0,0.5,0.5833333333333334,-0.6,1.0,0.0,0.0,0.0,0.0,-1.0,0.0,1.0,35
555,0.738756947953512,-1.0,-0.5,0.5833333333333334,0.2,1.0,0.0,0.0,0.0,0.0,0.0,0.0,0.0,69
960,0.46589186457806986,1.0,-0.5,0.0,0.2,0.0,0.0,0.0,1.0,0.0,-1.0,0.0,1.0,87
169,-0.9075290550783223,0.0,0.5,0.4166666666666667,-0.2,1.0,0.0,0.0,0.0,0.0,0.0,0.0,0.0,31
918,0.8802425467407781,1.0,0.0,-0.5833333333333334,0.2,0.0,0.0,1.0,0.0,0.0,0.0,0.0,0.0,70
824,-0.20414350682162705,-1.0,0.0,-0.16666666666666666,-0.8,0.0,0.0,0.0,1.0,0.0,0.0,0.0,0.0,57
986,-0.012127337038908462,1.0,1.0,-0.4166666666666667,0.0,1.0,0.0,0.0,0.0,0.0,0.0,0.0,0.0,52
87,0.4497220818595251,-1.0,0.0,0.5833333333333334,0.2,0.0,0.0,1.0,0.0,0.0,0.0,0.0,0.0,74
433,0.23041940373926237,1.0,0.5,0.0,0.0,1.0,0.0,0.0,0.0,0.0,0.0,0.0,0.0,69
185,-0.4800404244567963,0.0,0.0,0.16666666666666666,-0.8,1.0,0.0,0.0,0.0,0.0,0.0,0.0,0.0,44
979,-0.010106114199090414,0.0,-0.5,0.6666666666666666,-0.4,0.0,1.0,0.0,0.0,0.0,0.0,0.0,0.0,73
535,0.5275391611925215,0.0,-0.5,0.9166666666666666,0.8,1.0,0.0,0.0,0.0,0.0,-1.0,0.0,1.0,91
893,0.647801920161698,0.0,0.5,-0.75,-0.6,0.0,1.0,0.0,0.0,0.0,-1.0,0.0,1.0,65
426,0.09499747347145036,1.0,0.5,0.6666666666666666,0.0,0.0,0.0,0.0,0.0,1.0,0.0,0.0,0.0,79
714,-0.17685699848408287,-1.0,0.5,-0.75,-0.6,1.0,0.0,0.0,0.0,0.0,-1.0,0.0,1.0,41
261,0.22334512379989904,0.0,-0.5,0.6666666666666666,-0.2,1.0,0.0,0.0,0.0,0.0,0.0,0.0,0.0,77
238,-0.9408792319353207,-1.0,1.0,0.5833333333333334,0.6,1.0,0.0,0.0,0.0,0.0,-1.0,0.0,1.0,26
560,0.23446184941889847,0.0,0.0,-0.75,0.2,0.0,0.0,0.0,0.0,1.0,-1.0,1.0,0.0,58
584,-0.3405760485093481,0.0,0.5,0.9166666666666666,0.8,1.0,0.0,0.0,0.0,0.0,-1.0,0.0,1.0,56
446,0.8782213239009601,-1.0,0.5,0.6666666666666666,-0.2,1.0,0.0,0.0,0.0,0.0,-1.0,1.0,0.0,141
801,0.405255179383527,0.0,-0.5,-0.25,0.4,0.0,0.0,0.0,0.0,1.0,0.0,0.0,0.0,78
600,-0.9075290550783223,-1.0,0.5,0.16666666666666666,0.0,0.0,1.0,0.0,0.0,0.0,0.0,0.0,0.0,29
850,0.18494188984335524,-1.0,-0.5,-0.6666666666666666,0.0,0.0,0.0,1.0,0.0,0.0,0.0,0.0,0.0,59
266,0.470944921677615,0.0,-0.5,-0.5,-1.0,1.0,0.0,0.0,0.0,0.0,0.0,0.0,0.0,62
996,-0.8074785245073269,1.0,0.0,-0.75,0.6,0.0,0.0,1.0,0.0,0.0,-1.0,1.0,0.0,80
530,0.7155128852956039,1.0,0.0,0.5833333333333334,-0.8,0.0,0.0,1.0,0.0,0.0,0.0,0.0,0.0,105
56,0.828701364325417,0.0,1.0,-0.75,-1.0,1.0,0.0,0.0,0.0,0.0,0.0,0.0,0.0,82
121,0.6033350176857,1.0,-0.5,-0.5833333333333334,0.0,0.0,1.0,0.0,0.0,0.0,0.0,0.0,0.0,91
216,-0.5204648812531582,-1.0,-0.5,-0.16666666666666666,-0.2,1.0,0.0,0.0,0.0,0.0,-1.0,1.0,0.0,30
73,-0.9772612430520465,-1.0,0.0,-0.5833333333333334,-1.0,1.0,0.0,0.0,0.0,0.0,-1.0,0.0,1.0,16
45,-0.47801920161697825,1.0,0.5,0.08333333333333333,-0.8,0.0,1.0,0.0,0.0,0.0,0.0,0.0,0.0,116
722,-0.631632137443153,0.0,0.5,-0.6666666666666666,0.0,1.0,0.0,0.0,0.0,0.0,0.0,0.0,0.0,25
282,-0.3223850429509853,-1.0,-0.5,-0.3333333333333333,0.6,0.0,0.0,0.0,1.0,0.0,-1.0,0.0,1.0,37
894,-0.20515411824153607,0.0,0.0,-0.8333333333333334,0.8,1.0,0.0,0.0,0.0,0.0,0.0,0.0,0.0,28
915,0.09903991915108645,-1.0,1.0,-1.0,0.2,1.0,0.0,0.0,0.0,0.0,0.0,0.0,0.0,49
811,0.9519959575543204,-1.0,0.5,-0.5833333333333334,-0.6,0.0,0.0,1.0,0.0,0.0,0.0,0.0,0.0,60
245,-0.9580596260737745,1.0,0.5,-0.25,0.8,0.0,0.0,0.0,1.0,0.0,0.0,0.0,0.0,36
823,-0.3314805457301667,0.0,0.5,0.0,0.8,0.0,0.0,1.0,0.0,0.0,0.0,0.0,0.0,49
322,0.4194037392622537,0.0,-0.5,-0.25,-0.2,1.0,0.0,0.0,0.0,0.0,-1.0,1.0,0.0,113
644,-0.34259727134916623,0.0,0.0,-0.5,0.2,0.0,0.0,1.0,0.0,0.0,0.0,0.0,0.0,43
159,-0.5204648812531582,0.0,0.5,0.6666666666666666,-0.8,0.0,1.0,0.0,0.0,0.0,-1.0,1.0,0.0,60
978,-0.8873168266801414,-1.0,0.0,-0.5833333333333334,-0.8,1.0,0.0,0.0,0.0,0.0,0.0,0.0,0.0,17
942,0.10409297625063176,0.0,0.5,-0.8333333333333334,-1.0,1.0,0.0,0.0,0.0,0.0,0.0,0.0,0.0,54
463,0.4820616472966146,0.0,0.5,-0.4166666666666667,-0.6,1.0,0.0,0.0,0.0,0.0,-1.0,1.0,0.0,66
310,-0.4547751389590702,-1.0,0.0,-0.6666666666666666,0.8,0.0,1.0,0.0,0.0,0.0,-1.0,0.0,1.0,33
698,0.15664477008590205,-1.0,0.5,-0.6666666666666666,0.4,1.0,0.0,0.0,0.0,0.0,-1.0,0.0,1.0,32
61,-0.22233451237998983,-1.0,-0.5,0.6666666666666666,-0.6,0.0,1.0,0.0,0.0,0.0,0.0,0.0,0.0,61
885,0.5881758463870644,-1.0,0.5,0.6666666666666666,-1.0,1.0,0.0,0.0,0.0,0.0,0.0,0.0,0.0,64
596,-0.05457301667508834,0.0,0.5,-0.8333333333333334,0.6,0.0,0.0,1.0,0.0,0.0,-1.0,0.0,1.0,37
768,0.7397675593734212,-1.0,0.0,0.8333333333333334,-0.4,1.0,0.0,0.0,0.0,0.0,0.0,0.0,0.0,69
650,-0.006063668519454141,0.0,1.0,0.08333333333333333,-0.8,0.0,0.0,0.0,1.0,0.0,0.0,0.0,0.0,68
651,-0.8175846387064174,-1.0,0.5,0.75,-0.4,1.0,0.0,0.0,0.0,0.0,0.0,0.0,0.0,32
866,0.11419909044972217,0.0,0.0,0.0,-0.2,0.0,0.0,0.0,0.0,1.0,-1.0,0.0,1.0,68
669,-0.6205154118241536,0.0,-0.5,-0.25,-0.6,1.0,0.0,0.0,0.0,0.0,-1.0,0.0,1.0,30
299,0.23951490651844376,-1.0,0.0,0.08333333333333333,0.6,0.0,0.0,1.0,0.0,0.0,0.0,0.0,0.0,60
311,-0.12329459322890338,0.0,0.5,0.5,-0.2,1.0,0.0,0.0,0.0,0.0,0.0,0.0,0.0,47
362,0.2789287518948964,0.0,-0.5,0.25,0.2,1.0,0.0,0.0,0.0,0.0,-1.0,0.0,1.0,65
480,0.04244567963617989,0.0,0.0,-0.75,0.0,1.0,0.0,0.0,0.0,0.0,-1.0,0.0,1.0,44
111,-0.4173825164224355,-1.0,0.5,0.75,0.0,0.0,1.0,0.0,0.0,0.0,-1.0,0.0,1.0,48
990,0.6255684689236988,1.0,0.5,0.25,0.8,0.0,0.0,0.0,1.0,0.0,-1.0,0.0,1.0,75
487,-0.8984335522991409,0.0,0.0,-0.16666666666666666,-0.2,1.0,0.0,0.0,0.0,0.0,0.0,0.0,0.0,24
364,0.08691258211217799,0.0,-0.5,-0.8333333333333334,-0.4,0.0,0.0,1.0,0.0,0.0,-1.0,0.0,1.0,47
255,-0.653865588681152,1.0,0.0,-1.0,0.2,0.0,0.0,1.0,0.0,0.0,0.0,0.0,0.0,31
260,-0.7973724103082364,0.0,0.5,0.8333333333333334,0.4,0.0,0.0,1.0,0.0,0.0,0.0,0.0,0.0,43
803,0.14754926730672066,1.0,0.5,-0.9166666666666666,-0.4,1.0,0.0,0.0,0.0,0.0,-1.0,1.0,0.0,54
495,-0.07478524507326935,0.0,0.5,-0.5,0.0,0.0,0.0,1.0,0.0,0.0,-1.0,0.0,1.0,47
671,-0.6467913087417888,0.0,-0.5,-0.08333333333333333,-0.6,1.0,0.0,0.0,0.0,0.0,0.0,0.0,0.0,35
378,-0.942900454775139,0.0,-0.5,0.8333333333333334,-1.0,0.0,0.0,1.0,0.0,0.0,-1.0,1.0,0.0,44
527,-0.17079332996462857,-1.0,1.0,0.0,0.6,1.0,0.0,0.0,0.0,0.0,-1.0,0.0,1.0,36
846,-0.17079332996462857,-1.0,0.5,0.4166666666666667,-0.6,1.0,0.0,0.0,0.0,0.0,0.0,0.0,0.0,43
356,0.27791814047498736,-1.0,-0.5,-0.6666666666666666,-0.8,0.0,1.0,0.0,0.0,0.0,-1.0,0.0,1.0,50
366,-0.22738756947953512,-1.0,0.5,-0.25,0.6,1.0,0.0,0.0,0.0,0.0,-1.0,0.0,1.0,42
943,0.29509853461344115,-1.0,-0.5,-0.25,-0.4,0.0,0.0,0.0,1.0,0.0,-1.0,1.0,0.0,62
750,0.24153612935826183,0.0,0.5,-0.5833333333333334,-0.4,1.0,0.0,0.0,0.0,0.0,-1.0,1.0,0.0,65
830,-0.09701869631126823,-1.0,-0.5,-0.9166666666666666,0.0,1.0,0.0,0.0,0.0,0.0,-1.0,0.0,1.0,30
657,-0.429509853461344,1.0,0.0,-0.75,0.2,0.0,0.0,1.0,0.0,0.0,-1.0,1.0,0.0,46
200,0.5487620010106116,-1.0,0.0,0.9166666666666666,0.0,1.0,0.0,0.0,0.0,0.0,-1.0,0.0,1.0,69
214,-0.5467407781707933,1.0,0.5,-0.08333333333333333,0.4,0.0,0.0,0.0,1.0,0.0,0.0,0.0,0.0,54
409,0.7953511874684184,1.0,-0.5,0.4166666666666667,0.4,0.0,0.0,1.0,0.0,0.0,0.0,0.0,0.0,108
333,-0.9600808489135928,0.0,-0.5,-0.9166666666666666,-0.8,1.0,0.0,0.0,0.0,0.0,0.0,0.0,0.0,17
209,-0.9782718544719555,-1.0,0.0,0.75,-0.4,1.0,0.0,0.0,0.0,0.0,0.0,0.0,0.0,30
614,-0.8276907529055079,0.0,0.5,-1.0,0.0,1.0,0.0,0.0,0.0,0.0,0.0,0.0,0.0,16
30,-0.8964123294593228,0.0,0.5,-0.16666666666666666,-1.0,0.0,1.0,0.0,0.0,0.0,0.0,0.0,0.0,72
536,0.8731682668014151,1.0,-0.5,0.8333333333333334,-0.2,1.0,0.0,0.0,0.0,0.0,-1.0,0.0,1.0,100
696,0.21526023244062667,0.0,-0.5,-0.5833333333333334,-0.8,1.0,0.0,0.0,0.0,0.0,-1.0,1.0,0.0,51
837,0.8145528044466903,1.0,1.0,-0.6666666666666666,-0.2,1.0,0.0,0.0,0.0,0.0,0.0,0.0,0.0,92
597,0.3274381000505306,-1.0,-0.5,0.8333333333333334,-0.8,1.0,0.0,0.0,0.0,0.0,-1.0,0.0,1.0,82
166,0.6579080343607883,1.0,0.0,0.5833333333333334,0.2,0.0,1.0,0.0,0.0,0.0,0.0,0.0,0.0,85
919,0.5164224355735221,0.0,0.5,0.5833333333333334,0.0,1.0,0.0,0.0,0.0,0.0,-1.0,0.0,1.0,89
496,-0.29206670035371396,0.0,-0.5,0.6666666666666666,0.2,0.0,0.0,1.0,0.0,0.0,-1.0,0.0,1.0,60
825,0.07074279939363326,-1.0,-0.5,-0.5833333333333334,0.2,0.0,0.0,1.0,0.0,0.0,-1.0,0.0,1.0,55
66,0.08084891359272367,0.0,-0.5,-0.6666666666666666,-1.0,0.0,0.0,0.0,1.0,0.0,0.0,0.0,0.0,57
142,-0.49216776149570485,0.0,1.0,-0.25,0.0,1.0,0.0,0.0,0.0,0.0,0.0,0.0,0.0,36
926,-0.943911066195048,1.0,-0.5,-0.6666666666666666,0.2,1.0,0.0,0.0,0.0,0.0,0.0,0.0,0.0,21
828,-0.3041940373926225,-1.0,0.0,-0.5833333333333334,0.0,0.0,0.0,0.0,0.0,1.0,0.0,0.0,0.0,35
656,-0.7367357251136938,0.0,-0.5,0.8333333333333334,0.0,0.0,0.0,0.0,0.0,1.0,0.0,0.0,0.0,41
332,0.5053057099545225,-1.0,0.5,-0.08333333333333333,0.0,0.0,0.0,0.0,1.0,0.0,0.0,0.0,0.0,72
665,-0.788276907529055,0.0,0.0,-0.25,0.2,0.0,0.0,0.0,0.0,1.0,-1.0,1.0,0.0,27
250,0.6922688226376958,-1.0,0.5,0.16666666666666666,-0.8,0.0,0.0,1.0,0.0,0.0,-1.0,1.0,0.0,71
908,-0.31430015159171293,-1.0,0.0,-0.16666666666666666,0.4,1.0,0.0,0.0,0.0,0.0,0.0,0.0,0.0,32
709,-0.4861040929762506,-1.0,-0.5,0.3333333333333333,0.2,0.0,0.0,1.0,0.0,0.0,-1.0,1.0,0.0,38
306,0.9348155634158668,-1.0,0.0,-0.5,0.2,0.0,1.0,0.0,0.0,0.0,0.0,0.0,0.0,87
735,-0.28094997473471445,1.0,-0.5,1.0,-0.8,1.0,0.0,0.0,0.0,0.0,0.0,0.0,0.0,66
976,-0.4719555330975239,-1.0,1.0,0.6666666666666666,0.8,0.0,0.0,0.0,0.0,1.0,0.0,0.0,0.0,48
50,-0.6245578575037898,-1.0,-0.5,0.3333333333333333,-0.4,1.0,0.0,0.0,0.0,0.0,0.0,0.0,0.0,37
897,-0.41030823648307224,0.0,-0.5,-0.16666666666666666,-1.0,0.0,0.0,1.0,0.0,0.0,0.0,0.0,0.0,49
545,0.22940879231935335,-1.0,0.5,-0.3333333333333333,0.6,0.0,0.0,0.0,0.0,1.0,0.0,0.0,0.0,51
351,0.00303183425972725,0.0,-0.5,0.16666666666666666,0.0,0.0,1.0,0.0,0.0,0.0,-1.0,0.0,1.0,62
905,-0.1576553815058109,0.0,0.5,0.08333333333333333,0.4,0.0,0.0,0.0,1.0,0.0,-1.0,1.0,0.0,64
537,0.6862051541182417,0.0,-0.5,0.25,0.2,1.0,0.0,0.0,0.0,0.0,0.0,0.0,0.0,73
482,0.38302172814552815,1.0,0.0,-1.0,0.6,1.0,0.0,0.0,0.0,0.0,0.0,0.0,0.0,67
576,0.8832743810005054,0.0,0.0,1.0,0.8,1.0,0.0,0.0,0.0,0.0,0.0,0.0,0.0,87
34,0.8812531581606873,1.0,-0.5,0.9166666666666666,-0.4,1.0,0.0,0.0,0.0,0.0,-1.0,1.0,0.0,96
32,-0.651844365841334,0.0,0.0,-0.4166666666666667,0.8,0.0,0.0,1.0,0.0,0.0,0.0,0.0,0.0,30
232,0.0020212228398182263,-1.0,0.5,0.16666666666666666,0.6,1.0,0.0,0.0,0.0,0.0,-1.0,0.0,1.0,48
964,-0.2213239009600808,1.0,0.0,-0.16666666666666666,-0.2,1.0,0.0,0.0,0.0,0.0,-1.0,0.0,1.0,51
193,0.786255684689237,0.0,1.0,-0.6666666666666666,0.6,1.0,0.0,0.0,0.0,0.0,0.0,0.0,0.0,52
334,-0.7599797877716018,0.0,-0.5,-0.75,0.0,0.0,0.0,0.0,0.0,1.0,-1.0,0.0,1.0,22
4,0.19100555836280955,-1.0,0.5,0.25,0.6,0.0,0.0,0.0,1.0,0.0,0.0,0.0,0.0,68
205,0.2071753410813543,0.0,0.5,0.4166666666666667,0.8,1.0,0.0,0.0,0.0,0.0,0.0,0.0,0.0,75
515,-0.8994441637190499,0.0,0.5,-1.0,0.6,1.0,0.0,0.0,0.0,0.0,-1.0,0.0,1.0,13
800,0.8297119757453258,-1.0,0.0,-0.25,0.2,1.0,0.0,0.0,0.0,0.0,-1.0,0.0,1.0,71
307,0.0293077311773624,-1.0,0.0,0.9166666666666666,0.8,0.0,0.0,0.0,1.0,0.0,0.0,0.0,0.0,59
110,-0.8367862556846892,1.0,0.5,-0.5833333333333334,-0.6,1.0,0.0,0.0,0.0,0.0,-1.0,0.0,1.0,30
431,-0.7064173825164224,0.0,0.0,0.0,-0.2,1.0,0.0,0.0,0.0,0.0,-1.0,0.0,1.0,32
78,-0.8428499242041435,0.0,-0.5,-0.08333333333333333,-1.0,0.0,0.0,1.0,0.0,0.0,0.0,0.0,0.0,35
287,-0.07074279939363308,1.0,0.0,0.75,0.6,1.0,0.0,0.0,0.0,0.0,-1.0,1.0,0.0,60
83,-0.3365336028297119,0.0,-0.5,0.6666666666666666,-0.6,1.0,0.0,0.0,0.0,0.0,-1.0,0.0,1.0,58
992,0.3810005053057101,1.0,-0.5,0.16666666666666666,-1.0,1.0,0.0,0.0,0.0,0.0,-1.0,0.0,1.0,72
790,0.8782213239009601,1.0,1.0,0.25,0.6,0.0,0.0,1.0,0.0,0.0,0.0,0.0,0.0,108
895,0.32844871147043964,-1.0,0.5,0.9166666666666666,0.6,0.0,0.0,1.0,0.0,0.0,0.0,0.0,0.0,78
399,0.491157150075796,0.0,-0.5,-0.75,0.2,0.0,0.0,1.0,0.0,0.0,0.0,0.0,0.0,66
324,-0.4365841334007074,-1.0,0.0,0.75,0.2,1.0,0.0,0.0,0.0,0.0,0.0,0.0,0.0,48
520,-0.6922688226376958,0.0,-0.5,-0.8333333333333334,0.2,0.0,0.0,0.0,0.0,1.0,0.0,0.0,0.0,23
923,0.7741283476503287,1.0,0.5,0.4166666666666667,0.2,0.0,0.0,1.0,0.0,0.0,-1.0,0.0,1.0,85
6,-0.6811520970186963,0.0,0.5,-0.5833333333333334,0.0,0.0,0.0,1.0,0.0,0.0,0.0,0.0,0.0,32
466,-0.2496210207175341,-1.0,0.5,-0.5,-0.2,1.0,0.0,0.0,0.0,0.0,0.0,0.0,0.0,42
267,0.3850429509853462,0.0,0.0,-0.4166666666666667,-0.4,1.0,0.0,0.0,0.0,0.0,-1.0,0.0,1.0,55
358,0.16574027286508344,-1.0,0.0,-0.25,-0.2,1.0,0.0,0.0,0.0,0.0,-1.0,0.0,1.0,46
869,0.7094492167761497,-1.0,0.5,-0.6666666666666666,-1.0,1.0,0.0,0.0,0.0,0.0,-1.0,0.0,1.0,67
799,0.3840323395654372,1.0,-0.5,0.9166666666666666,0.2,1.0,0.0,0.0,0.0,0.0,0.0,0.0,0.0,66
381,-0.7559373420919656,1.0,0.0,0.9166666666666666,-0.8,1.0,0.0,0.0,0.0,0.0,0.0,0.0,0.0,50
382,0.3850429509853462,1.0,0.0,-0.4166666666666667,0.2,1.0,0.0,0.0,0.0,0.0,0.0,0.0,0.0,67
491,-0.08994441637190488,-1.0,-0.5,-0.25,-0.6,1.0,0.0,0.0,0.0,0.0,0.0,0.0,0.0,37
901,-0.5790803436078827,-1.0,0.0,-1.0,0.2,0.0,0.0,1.0,0.0,0.0,0.0,0.0,0.0,21
251,-0.4082870136432541,-1.0,0.0,0.25,-0.2,0.0,0.0,0.0,1.0,0.0,0.0,0.0,0.0,51
524,0.6710459828196061,-1.0,-0.5,1.0,-1.0,1.0,0.0,0.0,0.0,0.0,-1.0,0.0,1.0,70
10,0.40727640222334527,0.0,-0.5,-0.6666666666666666,0.6,1.0,0.0,0.0,0.0,0.0,0.0,0.0,0.0,47
604,-0.8135421930267811,-1.0,-0.5,-0.8333333333333334,0.2,1.0,0.0,0.0,0.0,0.0,0.0,0.0,0.0,14
82,0.23951490651844376,-1.0,0.5,-0.16666666666666666,-0.2,1.0,0.0,0.0,0.0,0.0,0.0,0.0,0.0,66
784,-0.3072258716523496,0.0,0.5,0.9166666666666666,0.2,0.0,0.0,1.0,0.0,0.0,0.0,0.0,0.0,65
588,-0.7347145022738757,0.0,0.5,-0.25,-0.2,1.0,0.0,0.0,0.0,0.0,0.0,0.0,0.0,26
240,-0.6397170288024254,-1.0,0.0,-0.3333333333333333,0.0,1.0,0.0,0.0,0.0,0.0,0.0,0.0,0.0,25
291,-0.9287518948964123,0.0,-0.5,-0.9166666666666666,-0.6,1.0,0.0,0.0,0.0,0.0,-1.0,0.0,1.0,17
212,0.3749368367862558,1.0,0.5,-0.8333333333333334,-0.4,1.0,0.0,0.0,0.0,0.0,-1.0,0.0,1.0,96
718,0.9135927235977768,1.0,-0.5,0.3333333333333333,0.4,0.0,0.0,1.0,0.0,0.0,-1.0,1.0,0.0,112
360,0.14552804446690262,-1.0,0.5,-0.5,0.8,0.0,0.0,1.0,0.0,0.0,0.0,0.0,0.0,42
450,-0.8236483072258716,-1.0,-0.5,-0.6666666666666666,-0.6,0.0,0.0,1.0,0.0,0.0,-1.0,0.0,1.0,22
228,-0.21323900960080844,0.0,0.0,0.25,0.8,1.0,0.0,0.0,0.0,0.0,-1.0,0.0,1.0,44
951,0.19504800404244585,1.0,-0.5,-0.6666666666666666,-0.2,1.0,0.0,0.0,0.0,0.0,0.0,0.0,0.0,57
947,-0.718544719555331,0.0,0.5,0.0,0.2,1.0,0.0,0.0,0.0,0.0,-1.0,0.0,1.0,33
797,0.8489135927235979,-1.0,0.0,-0.5,0.6,0.0,0.0,0.0,1.0,0.0,0.0,0.0,0.0,62
502,0.06771096513390601,0.0,0.5,0.5833333333333334,-0.2,1.0,0.0,0.0,0.0,0.0,-1.0,0.0,1.0,55
465,0.9075290550783226,0.0,-0.5,0.3333333333333333,0.2,0.0,0.0,0.0,0.0,1.0,-1.0,0.0,1.0,67
469,-0.5477513895907024,0.0,0.5,0.6666666666666666,-0.2,0.0,1.0,0.0,0.0,0.0,-1.0,1.0,0.0,52
936,-0.4517433046993431,-1.0,0.0,0.6666666666666666,0.6,0.0,1.0,0.0,0.0,0.0,0.0,0.0,0.0,51
429,-0.2971197574532592,-1.0,0.5,0.4166666666666667,0.6,0.0,0.0,1.0,0.0,0.0,0.0,0.0,0.0,47
8,0.7185447195553312,0.0,-0.5,0.6666666666666666,-0.2,0.0,1.0,0.0,0.0,0.0,0.0,0.0,0.0,100
156,-0.5113693784739768,-1.0,0.5,-0.5,0.8,0.0,0.0,0.0,1.0,0.0,0.0,0.0,0.0,40
542,0.20616472966144528,0.0,0.5,0.0,-0.2,1.0,0.0,0.0,0.0,0.0,-1.0,0.0,1.0,71
441,-0.8216270843860535,0.0,0.0,0.0,0.2,0.0,0.0,0.0,0.0,1.0,-1.0,1.0,0.0,30
483,-0.09297625063163213,1.0,-0.5,0.0,-0.6,0.0,0.0,1.0,0.0,0.0,-1.0,0.0,1.0,65
423,-0.808489135927236,0.0,0.5,0.8333333333333334,0.8,1.0,0.0,0.0,0.0,0.0,-1.0,0.0,1.0,39
779,0.4305204648812532,0.0,0.5,1.0,-0.6,1.0,0.0,0.0,0.0,0.0,0.0,0.0,0.0,73
950,0.18898433552299151,1.0,-0.5,-0.4166666666666667,0.2,1.0,0.0,0.0,0.0,0.0,-1.0,1.0,0.0,63
335,-0.8974229408792319,-1.0,0.5,-0.6666666666666666,0.8,0.0,0.0,0.0,0.0,1.0,0.0,0.0,0.0,17
935,-0.6498231430015159,0.0,0.0,0.75,-0.4,0.0,0.0,1.0,0.0,0.0,0.0,0.0,0.0,46
595,0.7791814047498736,-1.0,0.0,-0.16666666666666666,-0.4,0.0,0.0,0.0,1.0,0.0,0.0,0.0,0.0,63
531,0.6134411318847905,0.0,-0.5,-0.08333333333333333,-1.0,1.0,0.0,0.0,0.0,0.0,0.0,0.0,0.0,66
582,0.942900454775139,1.0,0.5,-0.75,0.2,1.0,0.0,0.0,0.0,0.0,0.0,0.0,0.0,72
708,0.607377463365336,-1.0,-0.5,0.25,-0.8,1.0,0.0,0.0,0.0,0.0,0.0,0.0,0.0,72
449,-0.24658918645780695,-1.0,0.0,-0.9166666666666666,-0.2,0.0,0.0,0.0,0.0,1.0,0.0,0.0,0.0,28
454,0.7973724103082368,-1.0,0.0,-0.3333333333333333,-1.0,0.0,0.0,1.0,0.0,0.0,-1.0,1.0,0.0,71
353,0.3092470944921678,0.0,1.0,0.25,0.2,1.0,0.0,0.0,0.0,0.0,0.0,0.0,0.0,53
729,-0.5912076806467913,-1.0,-0.5,-0.5833333333333334,-0.8,0.0,1.0,0.0,0.0,0.0,-1.0,0.0,1.0,63
80,-0.7599797877716018,0.0,1.0,-0.9166666666666666,-0.6,0.0,0.0,0.0,0.0,1.0,0.0,0.0,0.0,27
149,-0.8873168266801414,0.0,0.5,-0.16666666666666666,-0.2,0.0,1.0,0.0,0.0,0.0,-1.0,0.0,1.0,32
303,0.0768064679130874,0.0,0.0,-0.75,-0.6,1.0,0.0,0.0,0.0,0.0,-1.0,0.0,1.0,54
507,0.8064679130874182,1.0,1.0,0.9166666666666666,0.4,0.0,0.0,1.0,0.0,0.0,-1.0,0.0,1.0,93
343,-0.6467913087417888,-1.0,0.5,0.8333333333333334,0.8,0.0,1.0,0.0,0.0,0.0,-1.0,1.0,0.0,42
486,0.7872662961091461,1.0,0.0,-1.0,-0.6,1.0,0.0,0.0,0.0,0.0,-1.0,0.0,1.0,67
712,0.18494188984335524,0.0,0.5,0.9166666666666666,-1.0,1.0,0.0,0.0,0.0,0.0,0.0,0.0,0.0,75
134,-0.32339565437089435,0.0,0.0,-1.0,0.6,1.0,0.0,0.0,0.0,0.0,-1.0,0.0,1.0,27
704,-0.7235977766548761,-1.0,0.5,-0.25,0.0,0.0,0.0,1.0,0.0,0.0,-1.0,0.0,1.0,28
312,-0.8337544214249621,1.0,0.5,-0.25,-0.2,0.0,1.0,0.0,0.0,0.0,-1.0,1.0,0.0,36
630,-0.4911571500757958,-1.0,0.5,-0.5,0.8,1.0,0.0,0.0,0.0,0.0,-1.0,0.0,1.0,26
1,-0.2506316321374431,-1.0,0.5,0.5,0.0,1.0,0.0,0.0,0.0,0.0,-1.0,0.0,1.0,52
317,-0.182920667003537,-1.0,0.0,0.16666666666666666,-1.0,0.0,0.0,1.0,0.0,0.0,-1.0,0.0,1.0,48
707,-0.35270338554825664,-1.0,0.5,-0.08333333333333333,-0.8,0.0,0.0,1.0,0.0,0.0,-1.0,0.0,1.0,39
548,0.33552299140980296,0.0,0.0,0.5,0.2,0.0,0.0,1.0,0.0,0.0,-1.0,0.0,1.0,83
873,0.2809499747347146,1.0,-0.5,0.0,0.6,0.0,0.0,1.0,0.0,0.0,0.0,0.0,0.0,59
533,0.9752400202122284,-1.0,0.0,-0.9166666666666666,0.2,0.0,0.0,0.0,1.0,0.0,0.0,0.0,0.0,59
478,0.10308236483072272,0.0,0.0,-0.16666666666666666,0.6,0.0,0.0,0.0,1.0,0.0,0.0,0.0,0.0,70
405,-0.3577564426478019,0.0,0.5,0.3333333333333333,0.8,0.0,0.0,1.0,0.0,0.0,-1.0,1.0,0.0,47
173,0.02122283981809003,-1.0,-0.5,0.9166666666666666,0.8,0.0,0.0,1.0,0.0,0.0,0.0,0.0,0.0,66
395,-0.31632137443153097,1.0,1.0,1.0,0.4,1.0,0.0,0.0,0.0,0.0,-1.0,1.0,0.0,60
421,0.5720060636685195,-1.0,0.5,0.5833333333333334,-0.6,1.0,0.0,0.0,0.0,0.0,0.0,0.0,0.0,77
553,0.09903991915108645,1.0,0.0,-0.25,-0.6,0.0,1.0,0.0,0.0,0.0,0.0,0.0,0.0,70
904,0.16068721576553815,0.0,-0.5,-0.5833333333333334,0.2,1.0,0.0,0.0,0.0,0.0,0.0,0.0,0.0,43
91,-0.7529055078322384,0.0,0.0,-0.25,0.2,0.0,0.0,0.0,0.0,1.0,-1.0,0.0,1.0,28
940,0.14754926730672066,-1.0,0.0,0.25,-0.8,1.0,0.0,0.0,0.0,0.0,-1.0,1.0,0.0,52
182,-0.765032844871147,-1.0,-0.5,-0.9166666666666666,-0.8,1.0,0.0,0.0,0.0,0.0,-1.0,0.0,1.0,20
275,0.019201616978271985,1.0,0.5,-0.25,0.4,1.0,0.0,0.0,0.0,0.0,-1.0,0.0,1.0,55
896,-0.5841334007074279,1.0,0.5,0.5833333333333334,-1.0,0.0,0.0,0.0,1.0,0.0,0.0,0.0,0.0,66
292,-0.9146033350176856,-1.0,0.5,0.08333333333333333,0.2,1.0,0.0,0.0,0.0,0.0,0.0,0.0,0.0,21
132,-0.5507832238504294,-1.0,0.5,-0.5,-0.8,1.0,0.0,0.0,0.0,0.0,0.0,0.0,0.0,29
301,-0.8863062152602325,1.0,0.0,-0.25,-0.6,1.0,0.0,0.0,0.0,0.0,0.0,0.0,0.0,32
425,-0.875189489641233,-1.0,0.5,-0.6666666666666666,0.6,0.0,0.0,0.0,0.0,1.0,0.0,0.0,0.0,16
327,0.10409297625063176,1.0,0.5,0.25,-1.0,1.0,0.0,0.0,0.0,0.0,0.0,0.0,0.0,67
145,-0.427488630621526,0.0,-0.5,0.5833333333333334,-1.0,1.0,0.0,0.0,0.0,0.0,-1.0,1.0,0.0,48
424,-0.014148559878726508,0.0,-0.5,0.25,-0.8,1.0,0.0,0.0,0.0,0.0,-1.0,0.0,1.0,59
581,-0.08388074785245074,-1.0,0.0,-0.3333333333333333,-1.0,1.0,0.0,0.0,0.0,0.0,-1.0,1.0,0.0,49
136,-0.3516927741283476,1.0,0.5,0.9166666666666666,0.0,1.0,0.0,0.0,0.0,0.0,0.0,0.0,0.0,55
451,0.5426983324911573,-1.0,0.0,0.8333333333333334,-1.0,1.0,0.0,0.0,0.0,0.0,0.0,0.0,0.0,76
165,-0.810510358767054,0.0,-0.5,-0.9166666666666666,-0.4,1.0,0.0,0.0,0.0,0.0,-1.0,0.0,1.0,19
29,0.1788782213239011,-1.0,0.5,1.0,-0.2,1.0,0.0,0.0,0.0,0.0,-1.0,0.0,1.0,61
774,-0.20515411824153607,0.0,0.5,0.5833333333333334,-0.2,0.0,0.0,0.0,0.0,1.0,-1.0,1.0,0.0,62
194,0.2597271349166246,0.0,0.0,0.5,-1.0,0.0,0.0,1.0,0.0,0.0,-1.0,0.0,1.0,80
389,0.491157150075796,0.0,-0.5,-0.16666666666666666,-0.2,0.0,0.0,0.0,0.0,1.0,0.0,0.0,0.0,71
853,-0.5750378979282466,-1.0,0.5,0.16666666666666666,0.6,0.0,1.0,0.0,0.0,0.0,-1.0,0.0,1.0,36
170,0.17584638706417385,-1.0,0.0,0.75,-1.0,1.0,0.0,0.0,0.0,0.0,0.0,0.0,0.0,63
706,0.962102071753411,1.0,0.5,-0.8333333333333334,-0.4,1.0,0.0,0.0,0.0,0.0,0.0,0.0,0.0,88
141,0.9085396664982315,1.0,0.0,-0.25,0.2,0.0,1.0,0.0,0.0,0.0,0.0,0.0,0.0,92
174,-0.5416877210712481,1.0,-0.5,-0.4166666666666667,-1.0,1.0,0.0,0.0,0.0,0.0,-1.0,0.0,1.0,41
7,-0.8741788782213238,0.0,1.0,0.5833333333333334,0.0,0.0,0.0,1.0,0.0,0.0,0.0,0.0,0.0,38
746,0.7842344618494189,0.0,-0.5,-0.75,0.0,1.0,0.0,0.0,0.0,0.0,0.0,0.0,0.0,71
74,0.6184941889843355,1.0,-0.5,-0.4166666666666667,-0.6,1.0,0.0,0.0,0.0,0.0,-1.0,0.0,1.0,70
911,0.17483577564426483,-1.0,-0.5,-1.0,0.4,1.0,0.0,0.0,0.0,0.0,-1.0,1.0,0.0,42
146,-0.9156139464375946,1.0,0.0,-0.25,-0.6,0.0,1.0,0.0,0.0,0.0,-1.0,0.0,1.0,38
793,0.008084891359272367,0.0,0.0,-0.8333333333333334,0.6,0.0,0.0,1.0,0.0,0.0,0.0,0.0,0.0,39
235,-0.6033350176856999,0.0,0.0,-0.6666666666666666,-0.6,0.0,0.0,1.0,0.0,0.0,0.0,0.0,0.0,35
221,0.30722587165234977,0.0,0.0,0.75,-1.0,0.0,0.0,0.0,0.0,1.0,0.0,0.0,0.0,71
924,0.5881758463870644,-1.0,-0.5,-0.08333333333333333,0.2,1.0,0.0,0.0,0.0,0.0,-1.0,1.0,0.0,61
501,0.3870641738251642,1.0,-0.5,0.5833333333333334,-0.4,0.0,0.0,1.0,0.0,0.0,-1.0,0.0,1.0,93
133,-0.7518948964123294,0.0,1.0,0.9166666666666666,-0.8,1.0,0.0,0.0,0.0,0.0,-1.0,0.0,1.0,44
991,0.5871652349671552,-1.0,-0.5,-0.3333333333333333,0.2,0.0,0.0,0.0,1.0,0.0,-1.0,1.0,0.0,69
775,0.5831227892875191,0.0,0.5,-0.5,-0.6,0.0,0.0,0.0,1.0,0.0,0.0,0.0,0.0,89
186,0.3122789287518949,1.0,0.0,0.0,0.6,0.0,0.0,0.0,0.0,1.0,-1.0,0.0,1.0,63
42,-0.012127337038908462,0.0,1.0,-0.5833333333333334,-0.8,0.0,0.0,0.0,1.0,0.0,0.0,0.0,0.0,67
697,-0.4194037392622536,0.0,1.0,0.4166666666666667,-1.0,1.0,0.0,0.0,0.0,0.0,-1.0,0.0,1.0,48
109,-0.5376452753916119,-1.0,0.0,-0.5833333333333334,0.4,0.0,0.0,1.0,0.0,0.0,-1.0,1.0,0.0,28
589,-0.7357251136937847,-1.0,-0.5,1.0,-0.8,1.0,0.0,0.0,0.0,0.0,-1.0,0.0,1.0,43
57,-0.8135421930267811,0.0,0.5,-0.25,-1.0,0.0,0.0,0.0,1.0,0.0,-1.0,1.0,0.0,41
443,-0.2506316321374431,0.0,-0.5,-0.5,0.4,0.0,0.0,1.0,0.0,0.0,0.0,0.0,0.0,49
758,0.06265790803436089,1.0,0.0,-0.9166666666666666,0.6,1.0,0.0,0.0,0.0,0.0,-1.0,0.0,1.0,47
998,-0.718544719555331,-1.0,0.0,0.0,-0.8,1.0,0.0,0.0,0.0,0.0,0.0,0.0,0.0,28
25,-0.08994441637190488,0.0,-0.5,0.3333333333333333,0.8,0.0,0.0,0.0,0.0,1.0,-1.0,0.0,1.0,50
468,0.7235977766548765,-1.0,0.5,0.6666666666666666,0.8,1.0,0.0,0.0,0.0,0.0,0.0,0.0,0.0,89
540,-0.7337038908539667,0.0,-0.5,0.5,-0.8,0.0,0.0,1.0,0.0,0.0,0.0,0.0,0.0,46
532,0.9813036887316826,1.0,0.5,0.0,-0.8,0.0,0.0,1.0,0.0,0.0,0.0,0.0,0.0,112
619,0.6003031834259727,1.0,0.5,0.4166666666666667,-1.0,0.0,0.0,1.0,0.0,0.0,0.0,0.0,0.0,102
695,-0.7620010106114199,1.0,0.0,0.08333333333333333,0.8,1.0,0.0,0.0,0.0,0.0,0.0,0.0,0.0,37
927,-0.45881758463870637,1.0,0.5,-0.3333333333333333,0.8,0.0,0.0,1.0,0.0,0.0,0.0,0.0,0.0,46
339,-0.05356240525517932,-1.0,0.0,0.4166666666666667,0.4,1.0,0.0,0.0,0.0,0.0,0.0,0.0,0.0,50
52,0.53966649823143,0.0,0.0,0.5,0.4,0.0,0.0,1.0,0.0,0.0,-1.0,0.0,1.0,78
508,0.6326427488630622,0.0,0.0,0.6666666666666666,0.4,0.0,0.0,1.0,0.0,0.0,0.0,0.0,0.0,77
517,-0.24658918645780695,-1.0,-0.5,-0.8333333333333334,0.6,0.0,0.0,1.0,0.0,0.0,-1.0,0.0,1.0,36
782,0.08084891359272367,1.0,0.0,-0.08333333333333333,0.2,0.0,0.0,0.0,0.0,1.0,0.0,0.0,0.0,70
265,0.74077817079333,0.0,0.5,0.3333333333333333,0.8,1.0,0.0,0.0,0.0,0.0,-1.0,0.0,1.0,79
818,-0.202122283981809,-1.0,0.5,1.0,0.4,0.0,0.0,0.0,1.0,0.0,-1.0,1.0,0.0,58
711,0.5093481556341588,0.0,-0.5,0.0,0.2,1.0,0.0,0.0,0.0,0.0,0.0,0.0,0.0,80
683,-0.651844365841334,-1.0,0.5,0.8333333333333334,-0.4,0.0,0.0,1.0,0.0,0.0,-1.0,1.0,0.0,49
519,0.9570490146538657,0.0,-0.5,0.6666666666666666,-0.8,1.0,0.0,0.0,0.0,0.0,0.0,0.0,0.0,103
448,0.49621020717534114,-1.0,0.5,-0.9166666666666666,-0.2,0.0,1.0,0.0,0.0,0.0,-1.0,0.0,1.0,53
716,0.8438605356240525,-1.0,0.0,-0.5,0.0,0.0,0.0,0.0,0.0,1.0,0.0,0.0,0.0,85
484,0.24861040929762515,-1.0,1.0,0.08333333333333333,-1.0,1.0,0.0,0.0,0.0,0.0,-1.0,0.0,1.0,67
569,0.7933299646286003,1.0,0.5,0.3333333333333333,-0.6,0.0,0.0,1.0,0.0,0.0,0.0,0.0,0.0,88
434,-0.789287518948964,-1.0,0.0,0.4166666666666667,0.2,0.0,0.0,1.0,0.0,0.0,-1.0,1.0,0.0,34
368,0.7953511874684184,0.0,-0.5,-0.5,-0.6,0.0,0.0,0.0,0.0,1.0,0.0,0.0,0.0,89
84,-0.8630621526023243,1.0,0.0,-0.75,0.8,0.0,1.0,0.0,0.0,0.0,-1.0,0.0,1.0,28
62,-0.45376452753916113,0.0,-0.5,0.75,0.2,0.0,0.0,0.0,0.0,1.0,0.0,0.0,0.0,49
639,-0.4578069732187973,1.0,-0.5,-0.8333333333333334,-0.2,0.0,0.0,0.0,0.0,1.0,-1.0,0.0,1.0,37
273,0.7205659423951492,0.0,0.5,0.25,-0.2,0.0,0.0,0.0,1.0,0.0,0.0,0.0,0.0,80
286,-0.9176351692774128,-1.0,-0.5,0.5833333333333334,0.4,0.0,0.0,1.0,0.0,0.0,-1.0,0.0,1.0,33
361,-0.22334512379989885,-1.0,0.5,0.3333333333333333,-0.2,0.0,0.0,0.0,0.0,1.0,0.0,0.0,0.0,48
355,-0.8489135927235977,0.0,-0.5,0.5833333333333334,0.4,1.0,0.0,0.0,0.0,0.0,-1.0,0.0,1.0,35
457,-0.9661445174330469,0.0,0.0,-0.6666666666666666,-0.6,0.0,0.0,1.0,0.0,0.0,-1.0,0.0,1.0,23
279,0.3951490651844366,0.0,0.0,-0.6666666666666666,-0.8,1.0,0.0,0.0,0.0,0.0,0.0,0.0,0.0,57
13,0.6518443658413341,1.0,0.0,-0.6666666666666666,0.4,0.0,0.0,0.0,0.0,1.0,-1.0,0.0,1.0,71
183,0.8337544214249624,-1.0,0.0,-0.75,0.6,0.0,0.0,1.0,0.0,0.0,-1.0,0.0,1.0,57
369,-0.6023244062657908,-1.0,-0.5,0.3333333333333333,0.8,1.0,0.0,0.0,0.0,0.0,0.0,0.0,0.0,34
882,0.33552299140980296,1.0,0.5,-0.6666666666666666,0.4,0.0,1.0,0.0,0.0,0.0,0.0,0.0,0.0,61
616,0.826680141485599,-1.0,-0.5,0.16666666666666666,0.8,0.0,0.0,1.0,0.0,0.0,0.0,0.0,0.0,94
224,-0.2637695805962607,-1.0,-0.5,-0.6666666666666666,-0.6,0.0,0.0,0.0,0.0,1.0,-1.0,1.0,0.0,31
573,-0.20717534108135413,-1.0,0.5,0.0,-0.4,0.0,0.0,0.0,1.0,0.0,0.0,0.0,0.0,56
971,0.3193532086912582,-1.0,1.0,1.0,-1.0,1.0,0.0,0.0,0.0,0.0,0.0,0.0,0.0,63
654,0.4810510358767054,-1.0,-0.5,0.5833333333333334,0.0,1.0,0.0,0.0,0.0,0.0,-1.0,1.0,0.0,60
546,-0.2829711975745325,0.0,-0.5,0.3333333333333333,-0.2,1.0,0.0,0.0,0.0,0.0,-1.0,1.0,0.0,52
634,0.06063668519454284,-1.0,0.0,-0.3333333333333333,-0.4,0.0,0.0,0.0,1.0,0.0,-1.0,1.0,0.0,52
177,0.37291561394643774,-1.0,0.5,-0.25,0.6,0.0,0.0,0.0,1.0,0.0,-1.0,0.0,1.0,52
666,-0.6872157655381506,-1.0,0.0,-0.6666666666666666,-0.8,0.0,1.0,0.0,0.0,0.0,-1.0,0.0,1.0,31
674,0.04547751389590713,-1.0,-0.5,-0.9166666666666666,0.2,0.0,1.0,0.0,0.0,0.0,0.0,0.0,0.0,35
586,-0.515411824153613,0.0,0.0,-0.6666666666666666,-0.6,1.0,0.0,0.0,0.0,0.0,-1.0,1.0,0.0,30
874,-0.182920667003537,0.0,0.5,0.5833333333333334,-1.0,0.0,1.0,0.0,0.0,0.0,0.0,0.0,0.0,68
249,0.9105608893380496,0.0,0.5,-0.8333333333333334,0.6,0.0,0.0,0.0,0.0,1.0,-1.0,0.0,1.0,84
886,-0.6366851945426982,1.0,1.0,0.16666666666666666,-0.4,1.0,0.0,0.0,0.0,0.0,-1.0,1.0,0.0,41
670,-0.426478019201617,-1.0,0.0,-0.5833333333333334,0.6,0.0,1.0,0.0,0.0,0.0,-1.0,0.0,1.0,41
376,-0.35977766548761997,-1.0,0.5,-0.75,0.0,0.0,1.0,0.0,0.0,0.0,0.0,0.0,0.0,31
413,0.8852956038403235,0.0,-0.5,0.8333333333333334,-0.6,1.0,0.0,0.0,0.0,0.0,-1.0,0.0,1.0,85
75,0.404244567963618,1.0,0.0,0.5,0.0,0.0,0.0,0.0,0.0,1.0,-1.0,0.0,1.0,77
114,0.6043456291056092,1.0,-0.5,-0.08333333333333333,0.2,0.0,0.0,1.0,0.0,0.0,0.0,0.0,0.0,70
599,-0.609398686205154,-1.0,0.0,-1.0,-0.2,1.0,0.0,0.0,0.0,0.0,0.0,0.0,0.0,22
962,0.20010106114199094,-1.0,0.0,0.25,-0.6,1.0,0.0,0.0,0.0,0.0,0.0,0.0,0.0,66
391,0.9631126831733199,-1.0,0.0,0.8333333333333334,-0.8,1.0,0.0,0.0,0.0,0.0,0.0,0.0,0.0,74
105,0.8004042445679637,0.0,-0.5,0.8333333333333334,-0.8,0.0,0.0,0.0,0.0,1.0,0.0,0.0,0.0,108
115,0.2597271349166246,0.0,-0.5,-0.25,0.6,0.0,0.0,1.0,0.0,0.0,-1.0,0.0,1.0,73
418,-0.3405760485093481,-1.0,0.5,0.8333333333333334,0.6,1.0,0.0,0.0,0.0,0.0,0.0,0.0,0.0,91
526,-0.06467913087417876,-1.0,-0.5,-0.5833333333333334,0.0,1.0,0.0,0.0,0.0,0.0,0.0,0.0,0.0,46
458,-0.06467913087417876,0.0,0.5,-0.25,0.2,0.0,0.0,1.0,0.0,0.0,0.0,0.0,0.0,52
410,-0.808489135927236,0.0,-0.5,0.8333333333333334,0.2,0.0,1.0,0.0,0.0,0.0,-1.0,0.0,1.0,44
93,0.5113693784739768,-1.0,0.0,0.08333333333333333,0.2,0.0,0.0,1.0,0.0,0.0,0.0,0.0,0.0,54
931,-0.7134916624557857,0.0,1.0,-0.25,0.6,0.0,0.0,1.0,0.0,0.0,0.0,0.0,0.0,34
90,-0.05760485093481541,-1.0,-0.5,-0.75,-0.8,1.0,0.0,0.0,0.0,0.0,0.0,0.0,0.0,49
337,0.6973218797372411,0.0,1.0,-0.3333333333333333,-0.8,1.0,0.0,0.0,0.0,0.0,-1.0,0.0,1.0,62
989,-0.5032844871147044,0.0,0.0,1.0,-0.4,1.0,0.0,0.0,0.0,0.0,-1.0,0.0,1.0,47
922,-0.028297119757453196,0.0,0.0,-0.9166666666666666,0.8,1.0,0.0,0.0,0.0,0.0,-1.0,0.0,1.0,47
934,0.04749873673572518,0.0,-0.5,-0.75,0.2,0.0,0.0,1.0,0.0,0.0,0.0,0.0,0.0,60
606,-0.07983830217281447,0.0,-0.5,0.5,0.2,0.0,0.0,1.0,0.0,0.0,-1.0,1.0,0.0,53
594,-0.3072258716523496,0.0,0.0,0.9166666666666666,0.4,1.0,0.0,0.0,0.0,0.0,0.0,0.0,0.0,57
612,0.5871652349671552,-1.0,-0.5,0.3333333333333333,0.6,0.0,0.0,1.0,0.0,0.0,0.0,0.0,0.0,66
95,0.5305709954522486,-1.0,-0.5,0.75,0.2,1.0,0.0,0.0,0.0,0.0,0.0,0.0,0.0,83
12,0.9226882263769581,-1.0,-0.5,-0.5,0.6,0.0,0.0,0.0,0.0,1.0,0.0,0.0,0.0,62
397,0.7033855482566952,-1.0,0.5,0.0,0.0,1.0,0.0,0.0,0.0,0.0,0.0,0.0,0.0,69
44,0.8034360788276909,-1.0,0.0,0.8333333333333334,0.8,0.0,0.0,1.0,0.0,0.0,-1.0,0.0,1.0,86
43,-0.9206670035371399,0.0,-0.5,-0.08333333333333333,0.8,1.0,0.0,0.0,0.0,0.0,0.0,0.0,0.0,25
330,-0.5002526528549772,-1.0,0.5,1.0,-0.8,1.0,0.0,0.0,0.0,0.0,-1.0,1.0,0.0,51
168,-0.6205154118241536,-1.0,-0.5,0.5,-0.6,0.0,0.0,1.0,0.0,0.0,0.0,0.0,0.0,41
498,-0.8347650328448711,1.0,0.5,0.9166666666666666,0.0,1.0,0.0,0.0,0.0,0.0,0.0,0.0,0.0,44
877,0.42243557352198097,0.0,-0.5,-0.5,0.8,0.0,0.0,1.0,0.0,0.0,-1.0,0.0,1.0,68
598,-0.6488125315816069,0.0,0.0,0.3333333333333333,0.6,1.0,0.0,0.0,0.0,0.0,0.0,0.0,0.0,34
757,0.23345123799898945,0.0,-0.5,-0.3333333333333333,0.8,0.0,0.0,0.0,0.0,1.0,0.0,0.0,0.0,62
101,-0.9267306720565943,1.0,-0.5,0.4166666666666667,0.6,1.0,0.0,0.0,0.0,0.0,-1.0,0.0,1.0,35
427,-0.11824153612935825,-1.0,0.0,0.16666666666666666,0.2,1.0,0.0,0.0,0.0,0.0,0.0,0.0,0.0,42
179,0.8580090955027793,0.0,0.5,0.5833333333333334,-1.0,0.0,0.0,0.0,1.0,0.0,0.0,0.0,0.0,115
445,0.6134411318847905,0.0,1.0,-0.08333333333333333,0.2,0.0,1.0,0.0,0.0,0.0,0.0,0.0,0.0,67
417,-0.41030823648307224,-1.0,0.0,-0.08333333333333333,0.8,1.0,0.0,0.0,0.0,0.0,0.0,0.0,0.0,29
871,-0.25265285497726114,1.0,0.0,0.6666666666666666,-0.4,0.0,1.0,0.0,0.0,0.0,0.0,0.0,0.0,74
883,-0.9499747347145022,-1.0,1.0,0.8333333333333334,-0.6,0.0,0.0,1.0,0.0,0.0,-1.0,1.0,0.0,37
681,0.6215260232440627,-1.0,0.5,-0.3333333333333333,0.0,1.0,0.0,0.0,0.0,0.0,0.0,0.0,0.0,56
178,-0.2263769580596261,0.0,0.5,0.8333333333333334,-1.0,1.0,0.0,0.0,0.0,0.0,-1.0,1.0,0.0,65
396,0.8458817584638706,-1.0,1.0,0.16666666666666666,-0.6,0.0,1.0,0.0,0.0,0.0,-1.0,1.0,0.0,68
912,-0.45982819605861536,-1.0,-0.5,-0.8333333333333334,-0.6,0.0,1.0,0.0,0.0,0.0,-1.0,0.0,1.0,30
794,0.2162708438605357,-1.0,0.5,0.9166666666666666,0.8,0.0,0.0,1.0,0.0,0.0,0.0,0.0,0.0,79
961,-0.8256695300656898,-1.0,0.0,0.9166666666666666,0.0,1.0,0.0,0.0,0.0,0.0,-1.0,0.0,1.0,34
685,0.8428499242041437,-1.0,0.5,0.8333333333333334,0.2,1.0,0.0,0.0,0.0,0.0,-1.0,0.0,1.0,75
384,0.74077817079333,0.0,-0.5,0.16666666666666666,-0.4,1.0,0.0,0.0,0.0,0.0,-1.0,0.0,1.0,80
957,0.034360788276907514,0.0,1.0,-0.8333333333333334,-0.6,0.0,0.0,1.0,0.0,0.0,0.0,0.0,0.0,48
258,0.38302172814552815,0.0,-0.5,-0.08333333333333333,0.8,1.0,0.0,0.0,0.0,0.0,0.0,0.0,0.0,73
539,-0.10005053057099547,0.0,0.5,-0.5833333333333334,0.8,1.0,0.0,0.0,0.0,0.0,0.0,0.0,0.0,40
336,-0.9085396664982313,-1.0,0.5,-0.8333333333333334,0.4,0.0,0.0,1.0,0.0,0.0,0.0,0.0,0.0,15
16,-0.6265790803436079,0.0,0.0,-0.8333333333333334,-1.0,0.0,0.0,0.0,0.0,1.0,0.0,0.0,0.0,33
325,0.893380495199596,1.0,0.5,-0.75,-1.0,0.0,0.0,0.0,0.0,1.0,-1.0,1.0,0.0,92
759,0.7731177362304195,0.0,0.0,1.0,-0.2,1.0,0.0,0.0,0.0,0.0,0.0,0.0,0.0,85
180,-0.717534108135422,0.0,0.5,0.3333333333333333,-0.4,0.0,0.0,1.0,0.0,0.0,0.0,0.0,0.0,42
984,-0.8398180899444163,1.0,-0.5,0.9166666666666666,0.4,1.0,0.0,0.0,0.0,0.0,-1.0,1.0,0.0,43
23,-0.4123294593228903,1.0,0.5,-0.8333333333333334,-0.4,0.0,0.0,0.0,0.0,1.0,-1.0,0.0,1.0,42
357,-0.9358261748357757,1.0,0.5,-0.9166666666666666,0.6,0.0,0.0,0.0,0.0,1.0,0.0,0.0,0.0,21
667,-0.5032844871147044,-1.0,0.5,-0.08333333333333333,0.0,1.0,0.0,0.0,0.0,0.0,0.0,0.0,0.0,32
862,-0.09499747347145018,-1.0,0.5,-0.5833333333333334,-1.0,0.0,0.0,1.0,0.0,0.0,-1.0,1.0,0.0,40
341,-0.019201616978271805,0.0,0.5,-0.8333333333333334,-1.0,1.0,0.0,0.0,0.0,0.0,0.0,0.0,0.0,49
432,0.5123799898938859,1.0,1.0,0.5,0.8,0.0,0.0,1.0,0.0,0.0,-1.0,0.0,1.0,80
552,0.691258211217787,-1.0,-0.5,0.75,-0.4,0.0,0.0,1.0,0.0,0.0,0.0,0.0,0.0,86
834,-0.6407276402223345,-1.0,0.0,0.16666666666666666,-0.4,0.0,0.0,0.0,1.0,0.0,0.0,0.0,0.0,43
631,0.4173825164224357,0.0,0.5,-0.75,0.6,0.0,0.0,0.0,1.0,0.0,0.0,0.0,0.0,75
94,0.11723092470944924,0.0,0.5,0.25,-0.6,0.0,0.0,1.0,0.0,0.0,-1.0,1.0,0.0,57
559,0.5002526528549774,-1.0,-0.5,-0.9166666666666666,-1.0,0.0,1.0,0.0,0.0,0.0,-1.0,1.0,0.0,52
69,-0.8418393127842345,-1.0,-0.5,-0.08333333333333333,-0.6,1.0,0.0,0.0,0.0,0.0,-1.0,0.0,1.0,23
285,0.15159171298635676,-1.0,0.0,0.75,-0.4,1.0,0.0,0.0,0.0,0.0,-1.0,0.0,1.0,71
845,-0.6953006568974228,0.0,-0.5,-0.5,0.2,0.0,0.0,0.0,0.0,1.0,0.0,0.0,0.0,30
435,-0.8226376958059625,1.0,0.5,0.08333333333333333,-0.4,1.0,0.0,0.0,0.0,0.0,0.0,0.0,0.0,34
154,-0.0242546740778171,1.0,0.0,-0.4166666666666667,0.8,0.0,0.0,1.0,0.0,0.0,0.0,0.0,0.0,59
731,-0.6649823143001515,0.0,-0.5,0.9166666666666666,0.4,1.0,0.0,0.0,0.0,0.0,0.0,0.0,0.0,45
447,0.9550277918140476,-1.0,0.5,-0.75,0.6,0.0,0.0,1.0,0.0,0.0,0.0,0.0,0.0,64
189,0.05558362809499755,0.0,0.5,-0.75,0.8,1.0,0.0,0.0,0.0,0.0,-1.0,0.0,1.0,51
272,0.6083880747852453,-1.0,-0.5,-0.4166666666666667,-0.8,0.0,1.0,0.0,0.0,0.0,-1.0,1.0,0.0,100
237,-0.43456291056088925,1.0,-0.5,-0.25,0.2,0.0,1.0,0.0,0.0,0.0,0.0,0.0,0.0,44
488,-0.43456291056088925,1.0,-0.5,0.3333333333333333,-0.6,0.0,0.0,1.0,0.0,0.0,0.0,0.0,0.0,60
118,-0.6205154118241536,0.0,-0.5,0.3333333333333333,-1.0,0.0,1.0,0.0,0.0,0.0,0.0,0.0,0.0,46
513,0.849924204143507,0.0,1.0,0.5,0.8,0.0,0.0,0.0,0.0,1.0,0.0,0.0,0.0,74
826,0.8246589186457809,1.0,-0.5,0.8333333333333334,0.4,0.0,0.0,1.0,0.0,0.0,0.0,0.0,0.0,80
592,0.27488630621526033,1.0,-0.5,0.4166666666666667,0.6,0.0,0.0,0.0,0.0,1.0,0.0,0.0,0.0,65
117,0.5952501263264277,0.0,0.5,-0.5833333333333334,-0.6,1.0,0.0,0.0,0.0,0.0,-1.0,1.0,0.0,116
474,0.7680646791308742,0.0,0.5,1.0,-0.4,1.0,0.0,0.0,0.0,0.0,0.0,0.0,0.0,98
694,-0.5103587670540676,0.0,-0.5,0.16666666666666666,-0.2,1.0,0.0,0.0,0.0,0.0,-1.0,0.0,1.0,37
864,-0.1202627589691763,0.0,-0.5,-0.9166666666666666,0.4,0.0,0.0,1.0,0.0,0.0,0.0,0.0,0.0,43
913,0.24153612935826183,0.0,-0.5,-0.8333333333333334,-0.4,0.0,0.0,0.0,0.0,1.0,-1.0,0.0,1.0,43
370,-0.8519454269833249,0.0,0.5,-0.5833333333333334,-0.8,1.0,0.0,0.0,0.0,0.0,0.0,0.0,0.0,24
269,-0.2799393633148054,-1.0,0.5,0.8333333333333334,0.2,0.0,0.0,1.0,0.0,0.0,-1.0,1.0,0.0,50
47,-0.37392622536634657,-1.0,0.0,-0.3333333333333333,-0.8,1.0,0.0,0.0,0.0,0.0,0.0,0.0,0.0,34
350,0.24456796361798888,-1.0,-0.5,0.4166666666666667,-0.6,1.0,0.0,0.0,0.0,0.0,-1.0,0.0,1.0,57
196,-0.30015159171298633,0.0,0.0,0.75,-0.6,0.0,1.0,0.0,0.0,0.0,0.0,0.0,0.0,65
1000,-0.10914603335017686,1.0,-0.5,-0.6666666666666666,0.8,1.0,0.0,0.0,0.0,0.0,-1.0,0.0,1.0,48
835,-0.006063668519454141,-1.0,0.0,0.3333333333333333,-1.0,0.0,1.0,0.0,0.0,0.0,-1.0,0.0,1.0,61
737,-0.21526023244062648,1.0,0.5,-0.4166666666666667,0.8,1.0,0.0,0.0,0.0,0.0,-1.0,0.0,1.0,43
264,0.033350176856998495,0.0,-0.5,0.0,-1.0,1.0,0.0,0.0,0.0,0.0,0.0,0.0,0.0,59
444,-0.2577059120768064,1.0,1.0,1.0,0.0,1.0,0.0,0.0,0.0,0.0,0.0,0.0,0.0,58
676,0.9479535118746844,-1.0,-0.5,0.16666666666666666,0.2,1.0,0.0,0.0,0.0,0.0,-1.0,1.0,0.0,70
305,0.4426478019201618,1.0,-0.5,-1.0,0.2,0.0,0.0,0.0,1.0,0.0,-1.0,1.0,0.0,71
342,-0.05558362809499737,-1.0,0.0,1.0,0.2,1.0,0.0,0.0,0.0,0.0,0.0,0.0,0.0,60
967,0.42849924204143514,0.0,0.0,0.75,0.0,1.0,0.0,0.0,0.0,0.0,-1.0,1.0,0.0,86
125,-0.53966649823143,1.0,0.5,0.9166666666666666,-0.2,0.0,0.0,1.0,0.0,0.0,-1.0,0.0,1.0,63
787,0.16169782718544734,1.0,0.0,1.0,0.8,0.0,0.0,1.0,0.0,0.0,-1.0,1.0,0.0,78
51,0.9226882263769581,0.0,-0.5,-0.8333333333333334,0.2,0.0,1.0,0.0,0.0,0.0,-1.0,1.0,0.0,66
928,0.07882769075290563,1.0,0.5,-0.9166666666666666,0.8,1.0,0.0,0.0,0.0,0.0,0.0,0.0,0.0,53
143,-0.008084891359272367,0.0,0.0,0.08333333333333333,0.8,0.0,0.0,1.0,0.0,0.0,0.0,0.0,0.0,56
471,-0.9641232945932289,-1.0,-0.5,-0.3333333333333333,-0.2,0.0,0.0,1.0,0.0,0.0,-1.0,1.0,0.0,21
400,0.49823143001515935,0.0,0.0,0.25,0.8,0.0,0.0,0.0,1.0,0.0,0.0,0.0,0.0,90
626,-0.26174835775644256,1.0,-0.5,-0.08333333333333333,-0.4,0.0,0.0,1.0,0.0,0.0,-1.0,0.0,1.0,58
321,0.09398686205154133,1.0,0.0,0.5,-0.8,1.0,0.0,0.0,0.0,0.0,-1.0,0.0,1.0,76
20,-0.41435068216270843,0.0,0.5,-0.6666666666666666,0.8,1.0,0.0,0.0,0.0,0.0,0.0,0.0,0.0,35
810,-0.765032844871147,0.0,-0.5,-0.9166666666666666,0.0,1.0,0.0,0.0,0.0,0.0,-1.0,1.0,0.0,19
791,-0.6862051541182415,0.0,-0.5,0.0,-0.6,1.0,0.0,0.0,0.0,0.0,0.0,0.0,0.0,38
809,-0.10005053057099547,0.0,-0.5,0.0,-0.6,1.0,0.0,0.0,0.0,0.0,0.0,0.0,0.0,49
408,-0.9671551288529561,-1.0,1.0,1.0,-0.8,0.0,1.0,0.0,0.0,0.0,0.0,0.0,0.0,41
538,-0.5012632642748862,-1.0,0.0,0.8333333333333334,-0.6,0.0,0.0,1.0,0.0,0.0,-1.0,0.0,1.0,48
621,-0.6245578575037898,0.0,0.5,0.08333333333333333,-0.4,1.0,0.0,0.0,0.0,0.0,-1.0,1.0,0.0,38
176,-0.6447700859019706,1.0,-0.5,0.6666666666666666,0.8,0.0,0.0,1.0,0.0,0.0,-1.0,1.0,0.0,54
246,0.8408287013643256,0.0,-0.5,0.9166666666666666,0.8,0.0,0.0,1.0,0.0,0.0,-1.0,1.0,0.0,77
829,0.46488125315816087,0.0,0.5,-0.5833333333333334,-1.0,0.0,0.0,0.0,1.0,0.0,0.0,0.0,0.0,64
668,-0.6720565942395149,0.0,-0.5,0.4166666666666667,0.8,0.0,0.0,0.0,0.0,1.0,-1.0,1.0,0.0,39
755,-0.7134916624557857,1.0,-0.5,-0.8333333333333334,0.4,0.0,0.0,0.0,0.0,1.0,-1.0,1.0,0.0,27
859,0.12430520464881258,-1.0,0.0,-1.0,0.4,0.0,1.0,0.0,0.0,0.0,-1.0,1.0,0.0,57
155,0.9540171803941384,-1.0,0.0,0.8333333333333334,0.2,0.0,0.0,1.0,0.0,0.0,0.0,0.0,0.0,109
288,0.08084891359272367,-1.0,0.5,0.9166666666666666,-0.6,1.0,0.0,0.0,0.0,0.0,-1.0,0.0,1.0,58
603,-0.6397170288024254,0.0,-0.5,0.9166666666666666,0.0,1.0,0.0,0.0,0.0,0.0,-1.0,1.0,0.0,47
570,-0.30217281455280437,1.0,0.5,-0.5,0.4,1.0,0.0,0.0,0.0,0.0,-1.0,1.0,0.0,48
744,0.0020212228398182263,-1.0,-0.5,-0.4166666666666667,0.4,1.0,0.0,0.0,0.0,0.0,-1.0,1.0,0.0,41
18,0.04547751389590713,1.0,0.0,0.8333333333333334,0.2,0.0,0.0,1.0,0.0,0.0,-1.0,1.0,0.0,83
128,0.7074279939363317,-1.0,-0.5,0.9166666666666666,-0.4,1.0,0.0,0.0,0.0,0.0,-1.0,1.0,0.0,72
323,0.3122789287518949,0.0,0.5,-0.08333333333333333,0.8,0.0,1.0,0.0,0.0,0.0,-1.0,0.0,1.0,71
256,0.10914603335017686,0.0,-0.5,-0.75,-0.6,1.0,0.0,0.0,0.0,0.0,-1.0,0.0,1.0,52
658,-0.2728650833754421,1.0,0.0,0.16666666666666666,0.8,1.0,0.0,0.0,0.0,0.0,-1.0,0.0,1.0,57
191,-0.8044466902475997,-1.0,0.0,0.5,-0.8,1.0,0.0,0.0,0.0,0.0,-1.0,0.0,1.0,32
116,0.7286508337544214,-1.0,0.5,0.8333333333333334,0.8,0.0,0.0,1.0,0.0,0.0,0.0,0.0,0.0,97
181,-0.31632137443153097,-1.0,-0.5,-0.16666666666666666,-0.4,0.0,0.0,0.0,0.0,1.0,0.0,0.0,0.0,42
760,0.5659423951490653,-1.0,0.5,0.0,-0.8,0.0,0.0,1.0,0.0,0.0,-1.0,1.0,0.0,68
724,0.471955533097524,0.0,-0.5,-0.3333333333333333,0.4,1.0,0.0,0.0,0.0,0.0,0.0,0.0,0.0,49
686,0.10914603335017686,-1.0,0.0,-0.9166666666666666,-0.2,0.0,1.0,0.0,0.0,0.0,0.0,0.0,0.0,47
980,0.1879737241030825,1.0,0.0,-0.4166666666666667,-1.0,0.0,1.0,0.0,0.0,0.0,0.0,0.0,0.0,65
518,0.609398686205154,0.0,0.0,-0.25,0.4,0.0,1.0,0.0,0.0,0.0,-1.0,1.0,0.0,71
985,0.44669024759979786,0.0,0.5,0.5833333333333334,0.0,1.0,0.0,0.0,0.0,0.0,-1.0,0.0,1.0,75
46,0.3173319858514402,0.0,0.5,-0.9166666666666666,0.2,0.0,0.0,1.0,0.0,0.0,0.0,0.0,0.0,105
158,0.5123799898938859,-1.0,-0.5,-1.0,-0.4,0.0,1.0,0.0,0.0,0.0,-1.0,1.0,0.0,56
852,0.48913592723597776,-1.0,-0.5,-0.25,-0.8,0.0,1.0,0.0,0.0,0.0,0.0,0.0,0.0,58
172,-0.9560384032339565,-1.0,-0.5,0.08333333333333333,0.8,0.0,0.0,0.0,0.0,1.0,-1.0,1.0,0.0,23
17,-0.3890853966649823,-1.0,0.5,-0.6666666666666666,0.4,1.0,0.0,0.0,0.0,0.0,-1.0,1.0,0.0,26
512,-0.1637190500252652,1.0,-0.5,1.0,-0.4,0.0,0.0,0.0,1.0,0.0,0.0,0.0,0.0,77
49,0.08893380495199604,0.0,0.0,0.3333333333333333,-0.2,0.0,1.0,0.0,0.0,0.0,-1.0,1.0,0.0,77
516,-0.9368367862556847,1.0,1.0,0.0,0.4,1.0,0.0,0.0,0.0,0.0,0.0,0.0,0.0,29
953,-0.6427488630621526,0.0,1.0,0.25,0.8,0.0,0.0,1.0,0.0,0.0,0.0,0.0,0.0,41
481,0.2516422435573522,-1.0,-0.5,0.4166666666666667,0.6,0.0,1.0,0.0,0.0,0.0,0.0,0.0,0.0,71
284,-0.8034360788276907,-1.0,0.5,-0.6666666666666666,-0.6,1.0,0.0,0.0,0.0,0.0,0.0,0.0,0.0,18
719,-0.743810005053057,1.0,0.0,0.5833333333333334,-0.2,0.0,0.0,0.0,0.0,1.0,0.0,0.0,0.0,48
878,0.31025770591207685,-1.0,0.5,-0.25,-0.2,0.0,0.0,1.0,0.0,0.0,-1.0,0.0,1.0,91
226,-0.5073269327943406,0.0,0.5,0.9166666666666666,0.6,0.0,0.0,1.0,0.0,0.0,-1.0,0.0,1.0,51
27,-0.5952501263264275,0.0,1.0,-0.4166666666666667,0.6,0.0,1.0,0.0,0.0,0.0,0.0,0.0,0.0,38
955,-0.1627084386053562,1.0,-0.5,0.25,-0.2,0.0,0.0,0.0,0.0,1.0,0.0,0.0,0.0,55
438,0.6316321374431533,-1.0,0.0,0.5833333333333334,0.8,0.0,0.0,0.0,1.0,0.0,-1.0,0.0,1.0,99
952,0.32238504295098547,0.0,0.5,0.16666666666666666,-0.2,1.0,0.0,0.0,0.0,0.0,0.0,0.0,0.0,59
365,0.8671045982819606,0.0,1.0,0.08333333333333333,-0.8,0.0,0.0,0.0,1.0,0.0,0.0,0.0,0.0,89
230,0.2556846892369885,-1.0,-0.5,-0.4166666666666667,-0.6,1.0,0.0,0.0,0.0,0.0,0.0,0.0,0.0,51
38,-0.7963617988883274,-1.0,1.0,0.8333333333333334,0.0,0.0,0.0,0.0,1.0,0.0,-1.0,0.0,1.0,42
966,-0.28701364325416867,0.0,0.5,-0.9166666666666666,-0.8,0.0,0.0,1.0,0.0,0.0,0.0,0.0,0.0,39
375,-0.8479029813036887,0.0,0.5,-0.3333333333333333,0.4,1.0,0.0,0.0,0.0,0.0,-1.0,0.0,1.0,22
470,0.9095502779181407,0.0,-0.5,0.3333333333333333,-0.4,0.0,0.0,0.0,1.0,0.0,-1.0,1.0,0.0,101
851,-0.8559878726629611,0.0,0.0,0.5,-0.4,1.0,0.0,0.0,0.0,0.0,-1.0,1.0,0.0,34
705,-0.8630621526023243,0.0,1.0,0.5,-0.6,1.0,0.0,0.0,0.0,0.0,0.0,0.0,0.0,34
842,0.3193532086912582,0.0,-0.5,0.4166666666666667,-0.8,1.0,0.0,0.0,0.0,0.0,-1.0,1.0,0.0,79
855,-0.5841334007074279,-1.0,0.5,0.25,0.2,0.0,0.0,0.0,0.0,1.0,-1.0,0.0,1.0,32
865,-0.19909044972208176,0.0,-0.5,-0.9166666666666666,0.0,0.0,0.0,0.0,0.0,1.0,0.0,0.0,0.0,44
504,0.6154623547246085,1.0,-0.5,0.75,0.4,1.0,0.0,0.0,0.0,0.0,0.0,0.0,0.0,97
970,-0.05053057099545225,0.0,0.0,0.08333333333333333,-0.4,1.0,0.0,0.0,0.0,0.0,0.0,0.0,0.0,58
831,-0.5457301667508843,0.0,0.0,0.75,0.4,0.0,0.0,0.0,0.0,1.0,-1.0,0.0,1.0,48
969,0.12733703890853965,1.0,0.0,-0.5833333333333334,-1.0,1.0,0.0,0.0,0.0,0.0,-1.0,1.0,0.0,56
909,-0.4770085901970692,-1.0,0.0,0.16666666666666666,0.0,1.0,0.0,0.0,0.0,0.0,-1.0,0.0,1.0,31
802,-0.6882263769580595,1.0,1.0,0.5833333333333334,0.8,0.0,0.0,0.0,1.0,0.0,0.0,0.0,0.0,53
994,0.17483577564426483,-1.0,-0.5,0.75,0.2,1.0,0.0,0.0,0.0,0.0,-1.0,0.0,1.0,57
756,0.5760485093481558,-1.0,-0.5,0.3333333333333333,0.2,0.0,1.0,0.0,0.0,0.0,-1.0,1.0,0.0,90
112,-0.6710459828196058,-1.0,-0.5,-0.08333333333333333,-0.4,1.0,0.0,0.0,0.0,0.0,-1.0,0.0,1.0,26
227,0.9287518948964123,-1.0,-0.5,-0.08333333333333333,0.6,1.0,0.0,0.0,0.0,0.0,0.0,0.0,0.0,83
689,0.5285497726124306,0.0,-0.5,-0.5833333333333334,0.6,0.0,0.0,1.0,0.0,0.0,-1.0,0.0,1.0,81
104,0.014148559878726688,0.0,0.0,0.9166666666666666,-0.4,0.0,0.0,0.0,0.0,1.0,0.0,0.0,0.0,72
422,0.5679636179888834,-1.0,0.5,0.16666666666666666,0.0,0.0,0.0,1.0,0.0,0.0,-1.0,1.0,0.0,78
420,0.49418898433552305,-1.0,-0.5,0.6666666666666666,-0.2,0.0,0.0,0.0,0.0,1.0,0.0,0.0,0.0,77
587,-0.8388074785245072,-1.0,0.0,0.4166666666666667,-1.0,0.0,0.0,1.0,0.0,0.0,0.0,0.0,0.0,39
781,0.37897928246589185,-1.0,0.0,0.0,-0.6,1.0,0.0,0.0,0.0,0.0,0.0,0.0,0.0,65
673,-0.8307225871652348,0.0,0.5,0.4166666666666667,-0.2,0.0,1.0,0.0,0.0,0.0,-1.0,0.0,1.0,40
120,0.07478524507326935,1.0,-0.5,0.4166666666666667,-0.6,1.0,0.0,0.0,0.0,0.0,-1.0,0.0,1.0,70
152,-0.516422435573522,-1.0,-0.5,1.0,-1.0,0.0,1.0,0.0,0.0,0.0,0.0,0.0,0.0,56
404,0.6407276402223347,-1.0,0.0,0.75,0.6,0.0,0.0,0.0,1.0,0.0,0.0,0.0,0.0,94
946,-0.9671551288529561,-1.0,-0.5,0.6666666666666666,0.6,0.0,0.0,1.0,0.0,0.0,-1.0,1.0,0.0,31
659,0.28499242041435074,-1.0,0.5,0.9166666666666666,-0.6,1.0,0.0,0.0,0.0,0.0,0.0,0.0,0.0,72
844,0.9055078322385043,1.0,0.0,-0.6666666666666666,0.4,0.0,0.0,1.0,0.0,0.0,0.0,0.0,0.0,75
763,-0.4982314300151592,0.0,0.0,0.5833333333333334,0.2,1.0,0.0,0.0,0.0,0.0,-1.0,0.0,1.0,43
9,0.19605861546235487,-1.0,0.5,-0.16666666666666666,-1.0,1.0,0.0,0.0,0.0,0.0,-1.0,0.0,1.0,56
808,0.8357756442647803,-1.0,0.0,-0.5,0.8,1.0,0.0,0.0,0.0,0.0,-1.0,1.0,0.0,69
37,-0.38807478524507316,-1.0,0.0,0.08333333333333333,-0.6,1.0,0.0,0.0,0.0,0.0,-1.0,1.0,0.0,43
453,-0.15260232440626578,0.0,0.5,-0.25,0.4,0.0,1.0,0.0,0.0,0.0,-1.0,1.0,0.0,49
652,0.06973218797372424,-1.0,0.0,0.8333333333333334,-0.4,1.0,0.0,0.0,0.0,0.0,-1.0,0.0,1.0,51
254,-0.36382011116725615,1.0,-0.5,-0.5833333333333334,0.0,1.0,0.0,0.0,0.0,0.0,-1.0,0.0,1.0,44
304,0.26781202627589695,-1.0,0.0,0.6666666666666666,-1.0,0.0,0.0,1.0,0.0,0.0,-1.0,0.0,1.0,61
747,-0.23143001515917122,0.0,0.5,0.08333333333333333,-0.2,1.0,0.0,0.0,0.0,0.0,0.0,0.0,0.0,42
572,0.5558362809499747,1.0,0.0,-0.4166666666666667,-0.8,1.0,0.0,0.0,0.0,0.0,-1.0,0.0,1.0,68
624,-0.033350176856998495,1.0,0.5,0.3333333333333333,0.0,0.0,0.0,0.0,0.0,1.0,-1.0,0.0,1.0,72
733,0.32238504295098547,-1.0,0.0,-0.8333333333333334,0.2,0.0,0.0,1.0,0.0,0.0,-1.0,0.0,1.0,46
892,0.6983324911571503,0.0,0.0,-0.5,0.6,1.0,0.0,0.0,0.0,0.0,0.0,0.0,0.0,76
263,-0.7124810510358767,1.0,0.0,0.0,0.8,1.0,0.0,0.0,0.0,0.0,0.0,0.0,0.0,33
611,-0.9105608893380496,1.0,0.0,0.6666666666666666,0.8,0.0,1.0,0.0,0.0,0.0,0.0,0.0,0.0,46
298,-0.562910560889338,-1.0,-0.5,0.25,0.2,1.0,0.0,0.0,0.0,0.0,0.0,0.0,0.0,31
415,0.25669530065689755,0.0,0.5,0.9166666666666666,0.8,0.0,0.0,1.0,0.0,0.0,0.0,0.0,0.0,72
789,-0.07781707933299642,1.0,-0.5,0.75,0.8,1.0,0.0,0.0,0.0,0.0,0.0,0.0,0.0,63
641,-0.9489641232945931,-1.0,-0.5,-0.6666666666666666,-1.0,0.0,0.0,1.0,0.0,0.0,-1.0,1.0,0.0,20
890,-0.5093481556341586,1.0,0.0,0.75,0.6,0.0,0.0,0.0,0.0,1.0,-1.0,0.0,1.0,51
551,0.036382011116725746,-1.0,0.5,-0.5,0.8,0.0,0.0,0.0,0.0,1.0,-1.0,1.0,0.0,36
887,0.2981303688731684,0.0,1.0,0.25,0.6,1.0,0.0,0.0,0.0,0.0,0.0,0.0,0.0,70
489,0.8842849924204146,0.0,-0.5,-0.75,0.6,1.0,0.0,0.0,0.0,0.0,-1.0,0.0,1.0,65
148,0.0020212228398182263,-1.0,0.5,1.0,-1.0,0.0,0.0,1.0,0.0,0.0,0.0,0.0,0.0,73
147,0.21323900960080863,0.0,0.5,-0.25,0.6,0.0,0.0,0.0,1.0,0.0,0.0,0.0,0.0,56
721,0.8610409297625065,1.0,0.0,0.5,0.4,1.0,0.0,0.0,0.0,0.0,0.0,0.0,0.0,95
932,0.6568974229408795,0.0,-0.5,0.4166666666666667,-0.8,0.0,0.0,1.0,0.0,0.0,0.0,0.0,0.0,70
740,-0.2455785750378979,-1.0,0.0,-0.8333333333333334,0.8,1.0,0.0,0.0,0.0,0.0,-1.0,0.0,1.0,34
660,0.13643254168772123,0.0,1.0,1.0,0.4,1.0,0.0,0.0,0.0,0.0,-1.0,0.0,1.0,57
349,-0.2506316321374431,0.0,0.0,0.0,0.2,0.0,0.0,0.0,0.0,1.0,-1.0,1.0,0.0,44
464,0.16169782718544734,0.0,0.0,-1.0,-0.8,0.0,0.0,1.0,0.0,0.0,0.0,0.0,0.0,63
326,0.46589186457806986,1.0,0.5,0.4166666666666667,0.8,1.0,0.0,0.0,0.0,0.0,-1.0,1.0,0.0,88
854,0.7812026275896921,1.0,1.0,-0.25,-0.6,0.0,1.0,0.0,0.0,0.0,0.0,0.0,0.0,71
609,0.004042445679636273,0.0,1.0,0.5833333333333334,0.0,1.0,0.0,0.0,0.0,0.0,-1.0,1.0,0.0,49
144,-0.39514906518443654,-1.0,0.0,1.0,-0.2,0.0,0.0,1.0,0.0,0.0,-1.0,1.0,0.0,56
959,-0.6609398686205153,-1.0,-0.5,0.16666666666666666,0.2,0.0,0.0,1.0,0.0,0.0,0.0,0.0,0.0,36
198,0.7791814047498736,1.0,0.5,-1.0,-0.8,0.0,0.0,0.0,0.0,1.0,0.0,0.0,0.0,73
610,0.3719050025265287,-1.0,1.0,-1.0,-0.8,0.0,0.0,1.0,0.0,0.0,0.0,0.0,0.0,42
280,0.5800909550277918,-1.0,0.5,0.25,0.4,1.0,0.0,0.0,0.0,0.0,0.0,0.0,0.0,61
401,-0.7852450732693279,-1.0,-0.5,-0.08333333333333333,-0.6,1.0,0.0,0.0,0.0,0.0,0.0,0.0,0.0,28
123,-0.361798888327438,1.0,-0.5,0.5,-0.4,0.0,1.0,0.0,0.0,0.0,-1.0,0.0,1.0,59
184,0.74077817079333,-1.0,-0.5,-1.0,0.6,0.0,0.0,0.0,0.0,1.0,0.0,0.0,0.0,61
203,-0.6700353713996967,0.0,-0.5,1.0,0.8,1.0,0.0,0.0,0.0,0.0,0.0,0.0,0.0,46
439,0.40323395654370897,0.0,1.0,0.5833333333333334,-0.4,1.0,0.0,0.0,0.0,0.0,-1.0,1.0,0.0,77
247,-0.1445174330469934,-1.0,0.0,-0.5,0.8,1.0,0.0,0.0,0.0,0.0,0.0,0.0,0.0,45
933,0.9519959575543204,-1.0,0.5,-0.08333333333333333,0.2,0.0,0.0,1.0,0.0,0.0,-1.0,1.0,0.0,66
766,0.134411318847903,1.0,-0.5,0.16666666666666666,-0.8,1.0,0.0,0.0,0.0,0.0,-1.0,1.0,0.0,67
907,0.6225366346639719,1.0,0.0,-0.75,-1.0,0.0,0.0,0.0,0.0,1.0,-1.0,1.0,0.0,80
836,-0.1627084386053562,1.0,0.0,-0.4166666666666667,0.4,0.0,0.0,1.0,0.0,0.0,0.0,0.0,0.0,104
888,-0.5194542698332492,0.0,0.5,0.5,0.4,1.0,0.0,0.0,0.0,0.0,-1.0,0.0,1.0,43
638,-0.5103587670540676,0.0,-0.5,0.5,-0.6,1.0,0.0,0.0,0.0,0.0,-1.0,0.0,1.0,47
403,0.007074279939363344,0.0,1.0,-0.8333333333333334,0.8,1.0,0.0,0.0,0.0,0.0,0.0,0.0,0.0,48
785,-0.6306215260232441,1.0,0.5,-0.25,0.2,0.0,0.0,1.0,0.0,0.0,0.0,0.0,0.0,39
771,-0.7700859019706923,-1.0,0.0,-0.08333333333333333,0.6,1.0,0.0,0.0,0.0,0.0,0.0,0.0,0.0,21
736,0.74077817079333,0.0,0.0,-0.6666666666666666,0.0,0.0,1.0,0.0,0.0,0.0,0.0,0.0,0.0,74
914,-0.181910055583628,1.0,1.0,-0.5,0.0,1.0,0.0,0.0,0.0,0.0,0.0,0.0,0.0,39
220,0.6851945426983325,-1.0,0.5,-0.6666666666666666,0.8,1.0,0.0,0.0,0.0,0.0,0.0,0.0,0.0,66
642,-0.3537139969681657,-1.0,1.0,0.08333333333333333,0.2,0.0,1.0,0.0,0.0,0.0,0.0,0.0,0.0,42
916,-0.12935826174835768,0.0,0.0,1.0,-0.4,0.0,0.0,0.0,1.0,0.0,-1.0,1.0,0.0,78
753,0.24861040929762515,-1.0,0.0,-0.4166666666666667,-1.0,1.0,0.0,0.0,0.0,0.0,-1.0,0.0,1.0,63
807,0.852956038403234,0.0,0.0,0.0,-1.0,0.0,0.0,1.0,0.0,0.0,0.0,0.0,0.0,89
625,0.23041940373926237,-1.0,-0.5,0.4166666666666667,0.6,1.0,0.0,0.0,0.0,0.0,-1.0,1.0,0.0,49
875,-0.9378473976755937,0.0,-0.5,0.9166666666666666,-1.0,0.0,0.0,0.0,1.0,0.0,0.0,0.0,0.0,51
761,-0.6892369883779687,-1.0,-0.5,0.5833333333333334,0.2,1.0,0.0,0.0,0.0,0.0,0.0,0.0,0.0,37
387,-0.4325416877210712,-1.0,-0.5,0.25,0.6,0.0,0.0,0.0,1.0,0.0,-1.0,1.0,0.0,53
973,0.4557857503789793,0.0,-0.5,-0.4166666666666667,0.8,1.0,0.0,0.0,0.0,0.0,-1.0,0.0,1.0,64
510,0.4416371905002528,1.0,-0.5,0.16666666666666666,-0.4,0.0,0.0,0.0,1.0,0.0,-1.0,1.0,0.0,95
268,0.39615967660434565,0.0,0.0,0.0,-0.8,1.0,0.0,0.0,0.0,0.0,0.0,0.0,0.0,73
820,-0.32743810005053053,-1.0,0.0,-0.5,0.6,1.0,0.0,0.0,0.0,0.0,0.0,0.0,0.0,38
497,0.16169782718544734,0.0,0.5,0.25,0.6,0.0,0.0,1.0,0.0,0.0,0.0,0.0,0.0,69
113,0.8438605356240525,-1.0,0.5,0.75,0.6,1.0,0.0,0.0,0.0,0.0,0.0,0.0,0.0,75
692,-0.14957049014653853,0.0,0.0,-0.9166666666666666,-0.6,0.0,0.0,1.0,0.0,0.0,0.0,0.0,0.0,38
233,0.14855987872662968,1.0,-0.5,-0.6666666666666666,-0.6,1.0,0.0,0.0,0.0,0.0,0.0,0.0,0.0,55
870,0.876200101061142,-1.0,-0.5,0.8333333333333334,-1.0,0.0,0.0,0.0,1.0,0.0,-1.0,1.0,0.0,92
608,-0.27084386053562404,-1.0,-0.5,-0.08333333333333333,-0.2,0.0,1.0,0.0,0.0,0.0,0.0,0.0,0.0,48
672,0.7791814047498736,-1.0,-0.5,-0.5,-0.6,0.0,1.0,0.0,0.0,0.0,-1.0,1.0,0.0,84
374,0.35775644264780204,0.0,0.5,0.3333333333333333,0.8,1.0,0.0,0.0,0.0,0.0,0.0,0.0,0.0,72
982,0.5305709954522486,-1.0,0.5,0.75,0.4,0.0,1.0,0.0,0.0,0.0,0.0,0.0,0.0,68
843,-0.6376958059626072,1.0,0.0,0.16666666666666666,0.6,1.0,0.0,0.0,0.0,0.0,0.0,0.0,0.0,40
234,-0.018191005558362783,1.0,-0.5,0.0,0.2,1.0,0.0,0.0,0.0,0.0,-1.0,1.0,0.0,55
786,0.8014148559878729,-1.0,-0.5,-1.0,-0.8,0.0,1.0,0.0,0.0,0.0,0.0,0.0,0.0,70
677,-0.7680646791308742,-1.0,-0.5,-0.08333333333333333,0.6,1.0,0.0,0.0,0.0,0.0,0.0,0.0,0.0,25
318,-0.6467913087417888,-1.0,-0.5,-0.6666666666666666,0.2,0.0,0.0,0.0,1.0,0.0,0.0,0.0,0.0,33
649,0.5669530065689744,0.0,0.0,-0.16666666666666666,0.8,0.0,0.0,0.0,1.0,0.0,-1.0,1.0,0.0,91
411,-0.35876705406771087,0.0,0.0,0.3333333333333333,-0.8,1.0,0.0,0.0,0.0,0.0,0.0,0.0,0.0,54
899,-0.9631126831733199,0.0,0.0,-0.5833333333333334,0.0,1.0,0.0,0.0,0.0,0.0,0.0,0.0,0.0,16
710,0.3547246083880748,-1.0,1.0,-0.5,-1.0,0.0,0.0,1.0,0.0,0.0,-1.0,0.0,1.0,69
359,0.8640727640222334,0.0,0.5,-1.0,0.6,1.0,0.0,0.0,0.0,0.0,-1.0,0.0,1.0,69
259,0.13542193026781202,-1.0,0.0,-0.6666666666666666,0.6,1.0,0.0,0.0,0.0,0.0,0.0,0.0,0.0,33
628,0.4850934815563417,0.0,0.5,0.75,-0.8,0.0,0.0,1.0,0.0,0.0,-1.0,0.0,1.0,94
633,0.020212228398181008,-1.0,0.0,-0.5833333333333334,0.4,0.0,0.0,1.0,0.0,0.0,-1.0,1.0,0.0,45
283,-0.24861040929762498,0.0,0.5,-0.08333333333333333,0.6,0.0,0.0,1.0,0.0,0.0,0.0,0.0,0.0,45
385,0.4598281960586156,-1.0,-0.5,0.16666666666666666,-0.2,0.0,0.0,1.0,0.0,0.0,-1.0,1.0,0.0,126
225,-0.4658918645780697,-1.0,-0.5,-0.5,0.8,1.0,0.0,0.0,0.0,0.0,-1.0,0.0,1.0,27
954,0.8135421930267811,0.0,-0.5,-1.0,0.0,0.0,0.0,0.0,1.0,0.0,-1.0,0.0,1.0,67
473,-0.9034866093986862,1.0,0.5,-0.6666666666666666,0.0,0.0,1.0,0.0,0.0,0.0,0.0,0.0,0.0,30
348,-0.8994441637190499,-1.0,-0.5,-0.3333333333333333,0.8,1.0,0.0,0.0,0.0,0.0,-1.0,0.0,1.0,17
640,-0.2445679636179888,0.0,-0.5,0.4166666666666667,-0.6,0.0,0.0,0.0,0.0,1.0,-1.0,1.0,0.0,55
988,-0.13137948458817575,0.0,0.0,0.4166666666666667,0.6,1.0,0.0,0.0,0.0,0.0,-1.0,0.0,1.0,105
929,0.2597271349166246,0.0,0.5,-0.9166666666666666,0.4,0.0,0.0,1.0,0.0,0.0,-1.0,0.0,1.0,61
906,0.7710965133906015,-1.0,0.0,-0.9166666666666666,0.4,1.0,0.0,0.0,0.0,0.0,0.0,0.0,0.0,68
620,0.4861040929762507,-1.0,-0.5,0.25,0.4,0.0,0.0,0.0,1.0,0.0,-1.0,1.0,0.0,68
856,-0.6124305204648812,0.0,-0.5,-0.08333333333333333,0.4,1.0,0.0,0.0,0.0,0.0,0.0,0.0,0.0,35
804,0.2071753410813543,1.0,1.0,-0.8333333333333334,-0.6,1.0,0.0,0.0,0.0,0.0,0.0,0.0,0.0,101
646,0.7670540677109653,-1.0,-0.5,1.0,-0.2,0.0,0.0,0.0,1.0,0.0,-1.0,0.0,1.0,87
847,-0.8206164729661445,0.0,1.0,-0.5833333333333334,-0.8,1.0,0.0,0.0,0.0,0.0,-1.0,1.0,0.0,23
557,-0.7246083880747852,0.0,-0.5,0.3333333333333333,-0.8,0.0,0.0,1.0,0.0,0.0,-1.0,0.0,1.0,43
958,-0.8954017180394138,1.0,0.0,0.5833333333333334,-0.6,1.0,0.0,0.0,0.0,0.0,-1.0,0.0,1.0,40
578,0.8377968671045984,0.0,0.0,-0.08333333333333333,0.4,0.0,0.0,1.0,0.0,0.0,0.0,0.0,0.0,89
796,0.7306720565942397,0.0,0.5,-0.16666666666666666,-0.4,1.0,0.0,0.0,0.0,0.0,0.0,0.0,0.0,60
86,-0.3476503284487114,0.0,0.5,0.6666666666666666,-0.8,1.0,0.0,0.0,0.0,0.0,0.0,0.0,0.0,51
699,-0.6841839312784235,0.0,1.0,0.4166666666666667,-0.6,0.0,0.0,0.0,0.0,1.0,0.0,0.0,0.0,44
160,0.44669024759979786,0.0,-0.5,-0.9166666666666666,-0.6,1.0,0.0,0.0,0.0,0.0,-1.0,0.0,1.0,58
525,0.6639717028802428,1.0,-0.5,0.0,-0.2,1.0,0.0,0.0,0.0,0.0,-1.0,1.0,0.0,71
36,0.6043456291056092,-1.0,-0.5,0.8333333333333334,0.0,0.0,0.0,1.0,0.0,0.0,-1.0,1.0,0.0,66
541,0.891359272359778,0.0,-0.5,0.6666666666666666,0.2,0.0,0.0,0.0,1.0,0.0,0.0,0.0,0.0,90
171,0.3466397170288026,0.0,0.5,0.4166666666666667,0.8,0.0,0.0,1.0,0.0,0.0,0.0,0.0,0.0,64
891,0.4345629105608894,-1.0,0.5,0.5,-1.0,1.0,0.0,0.0,0.0,0.0,0.0,0.0,0.0,70
858,-0.05760485093481541,-1.0,0.0,0.8333333333333334,0.0,1.0,0.0,0.0,0.0,0.0,-1.0,1.0,0.0,61
848,0.9762506316321377,-1.0,0.0,0.75,0.2,1.0,0.0,0.0,0.0,0.0,0.0,0.0,0.0,83
945,-0.5811015664477008,0.0,-0.5,0.08333333333333333,-0.2,0.0,0.0,0.0,1.0,0.0,-1.0,0.0,1.0,49
734,0.04244567963617989,1.0,0.0,-0.75,-0.2,1.0,0.0,0.0,0.0,0.0,-1.0,1.0,0.0,57
96,-0.015159171298635532,0.0,0.5,0.4166666666666667,-1.0,1.0,0.0,0.0,0.0,0.0,0.0,0.0,0.0,65
564,-0.9600808489135928,-1.0,0.0,-0.5,-1.0,1.0,0.0,0.0,0.0,0.0,0.0,0.0,0.0,18
241,0.8650833754421425,0.0,0.0,0.6666666666666666,0.6,0.0,1.0,0.0,0.0,0.0,-1.0,0.0,1.0,88
743,0.4850934815563417,-1.0,0.5,1.0,0.4,0.0,0.0,0.0,1.0,0.0,0.0,0.0,0.0,84
575,0.7114704396159678,-1.0,0.5,-0.5833333333333334,-0.4,1.0,0.0,0.0,0.0,0.0,-1.0,0.0,1.0,77
691,-0.3506821627084386,0.0,0.5,0.5,-0.6,1.0,0.0,0.0,0.0,0.0,0.0,0.0,0.0,47
461,-0.7569479535118746,1.0,-0.5,0.5,0.4,1.0,0.0,0.0,0.0,0.0,0.0,0.0,0.0,38
554,0.11723092470944924,1.0,0.0,-0.25,-0.2,0.0,1.0,0.0,0.0,0.0,-1.0,1.0,0.0,74
889,-0.7923193532086913,1.0,0.5,-0.3333333333333333,0.8,0.0,0.0,0.0,1.0,0.0,0.0,0.0,0.0,39
207,-0.788276907529055,-1.0,0.5,0.25,0.6,0.0,0.0,1.0,0.0,0.0,-1.0,0.0,1.0,30
795,-0.9530065689742294,0.0,-0.5,-0.6666666666666666,0.6,1.0,0.0,0.0,0.0,0.0,0.0,0.0,0.0,17
398,-0.14249621020717537,-1.0,0.5,0.16666666666666666,-0.4,1.0,0.0,0.0,0.0,0.0,0.0,0.0,0.0,55
767,0.5144012127337039,0.0,0.0,-0.16666666666666666,0.0,0.0,0.0,0.0,1.0,0.0,-1.0,1.0,0.0,66
849,0.0010106114199090234,0.0,0.5,0.6666666666666666,-0.2,0.0,1.0,0.0,0.0,0.0,-1.0,0.0,1.0,67
218,0.48307225871652365,-1.0,-0.5,0.4166666666666667,-0.2,0.0,0.0,1.0,0.0,0.0,0.0,0.0,0.0,65
769,-0.31430015159171293,0.0,-0.5,-0.8333333333333334,0.8,1.0,0.0,0.0,0.0,0.0,-1.0,0.0,1.0,29
643,-0.5720060636685194,0.0,0.0,-0.75,-0.4,0.0,0.0,1.0,0.0,0.0,-1.0,1.0,0.0,33
930,-0.4800404244567963,-1.0,-0.5,-0.5833333333333334,0.6,1.0,0.0,0.0,0.0,0.0,-1.0,1.0,0.0,27
613,0.24861040929762515,-1.0,0.0,0.0,0.8,0.0,0.0,1.0,0.0,0.0,0.0,0.0,0.0,63
739,-0.12329459322890338,1.0,0.5,0.75,-0.4,1.0,0.0,0.0,0.0,0.0,0.0,0.0,0.0,61
547,-0.765032844871147,-1.0,-0.5,-0.9166666666666666,-1.0,0.0,1.0,0.0,0.0,0.0,0.0,0.0,0.0,28
726,0.6710459828196061,-1.0,1.0,0.5,0.0,1.0,0.0,0.0,0.0,0.0,0.0,0.0,0.0,78
684,0.3294593228903486,-1.0,-0.5,-0.5,-0.8,0.0,1.0,0.0,0.0,0.0,0.0,0.0,0.0,54
99,-0.9378473976755937,0.0,-0.5,0.6666666666666666,-0.2,0.0,0.0,0.0,1.0,0.0,0.0,0.0,0.0,44
805,-0.15260232440626578,0.0,-0.5,-0.4166666666666667,-0.6,1.0,0.0,0.0,0.0,0.0,-1.0,1.0,0.0,42
728,0.579080343607883,-1.0,-0.5,0.9166666666666666,-1.0,0.0,0.0,0.0,0.0,1.0,-1.0,1.0,0.0,84
574,0.23749368367862572,0.0,1.0,-0.75,0.6,0.0,1.0,0.0,0.0,0.0,-1.0,0.0,1.0,49
407,-0.2213239009600808,-1.0,0.5,0.4166666666666667,-0.6,0.0,1.0,0.0,0.0,0.0,-1.0,1.0,0.0,56
503,-0.37796867104598275,0.0,1.0,-0.5833333333333334,0.4,1.0,0.0,0.0,0.0,0.0,0.0,0.0,0.0,39
48,0.036382011116725746,0.0,0.0,-0.25,0.0,1.0,0.0,0.0,0.0,0.0,-1.0,0.0,1.0,45
33,-0.8600303183425972,0.0,0.5,-0.25,0.8,1.0,0.0,0.0,0.0,0.0,0.0,0.0,0.0,22
780,0.27488630621526033,-1.0,0.5,0.6666666666666666,0.4,0.0,1.0,0.0,0.0,0.0,0.0,0.0,0.0,77
840,0.25770591207680654,-1.0,0.5,-1.0,0.6,1.0,0.0,0.0,0.0,0.0,0.0,0.0,0.0,50
201,0.27690752905507837,1.0,0.0,-0.9166666666666666,0.8,0.0,0.0,0.0,1.0,0.0,-1.0,1.0,0.0,65
135,0.8701364325416879,0.0,-0.5,0.4166666666666667,-0.8,0.0,0.0,1.0,0.0,0.0,-1.0,0.0,1.0,74
28,0.025265285497726126,1.0,0.5,0.6666666666666666,0.6,0.0,1.0,0.0,0.0,0.0,0.0,0.0,0.0,72
881,-0.5325922182920667,-1.0,0.0,-0.5833333333333334,0.0,0.0,0.0,1.0,0.0,0.0,0.0,0.0,0.0,31
231,0.5780697321879739,0.0,0.0,-0.3333333333333333,-0.4,0.0,1.0,0.0,0.0,0.0,-1.0,0.0,1.0,65
490,0.7660434562910561,-1.0,0.0,-0.08333333333333333,0.6,1.0,0.0,0.0,0.0,0.0,-1.0,0.0,1.0,83
773,-0.7367357251136938,1.0,0.0,-0.6666666666666666,0.0,0.0,1.0,0.0,0.0,0.0,0.0,0.0,0.0,90
379,0.6164729661445174,0.0,-0.5,-0.9166666666666666,-0.6,1.0,0.0,0.0,0.0,0.0,0.0,0.0,0.0,51
289,-0.4234461849418898,0.0,1.0,-0.8333333333333334,-0.2,1.0,0.0,0.0,0.0,0.0,0.0,0.0,0.0,27
419,0.336533602829712,-1.0,-0.5,0.75,-1.0,1.0,0.0,0.0,0.0,0.0,0.0,0.0,0.0,66
675,-0.17988883274380996,1.0,0.5,-0.25,0.4,0.0,0.0,0.0,1.0,0.0,0.0,0.0,0.0,56
392,-0.17483577564426464,-1.0,0.5,0.9166666666666666,0.6,1.0,0.0,0.0,0.0,0.0,-1.0,0.0,1.0,46
593,-0.629610914603335,0.0,0.0,0.3333333333333333,0.0,1.0,0.0,0.0,0.0,0.0,-1.0,0.0,1.0,39
499,0.9317837291561396,1.0,-0.5,0.08333333333333333,-0.6,1.0,0.0,0.0,0.0,0.0,0.0,0.0,0.0,73
63,0.6447700859019708,1.0,0.0,1.0,0.4,0.0,0.0,0.0,1.0,0.0,-1.0,0.0,1.0,95
472,0.9226882263769581,1.0,0.5,0.3333333333333333,-0.4,0.0,0.0,0.0,1.0,0.0,-1.0,1.0,0.0,100
648,0.34967155128852967,0.0,0.0,-0.9166666666666666,-0.8,0.0,1.0,0.0,0.0,0.0,0.0,0.0,0.0,56
129,-0.9742294087923192,1.0,1.0,-0.5833333333333334,-0.4,1.0,0.0,0.0,0.0,0.0,0.0,0.0,0.0,24
977,0.18393127842344623,1.0,0.0,-0.5,-1.0,1.0,0.0,0.0,0.0,0.0,0.0,0.0,0.0,53
521,0.1829206670035372,0.0,-0.5,-0.3333333333333333,-0.8,1.0,0.0,0.0,0.0,0.0,-1.0,1.0,0.0,60
839,0.15563415866599303,0.0,1.0,0.5833333333333334,0.4,0.0,0.0,0.0,0.0,1.0,0.0,0.0,0.0,77
963,-0.5053057099545224,-1.0,-0.5,0.8333333333333334,0.2,0.0,1.0,0.0,0.0,0.0,0.0,0.0,0.0,53
65,-0.43456291056088925,-1.0,0.5,0.4166666666666667,0.8,1.0,0.0,0.0,0.0,0.0,-1.0,1.0,0.0,35
813,-0.7427993936331481,0.0,-0.5,0.5833333333333334,0.6,1.0,0.0,0.0,0.0,0.0,0.0,0.0,0.0,94
15,-0.629610914603335,0.0,0.5,0.16666666666666666,-0.6,0.0,0.0,0.0,1.0,0.0,-1.0,0.0,1.0,50
493,-0.4416371905002526,0.0,0.5,1.0,-0.2,1.0,0.0,0.0,0.0,0.0,-1.0,0.0,1.0,57
380,-0.4325416877210712,0.0,0.5,0.3333333333333333,-0.6,0.0,0.0,1.0,0.0,0.0,-1.0,0.0,1.0,47
188,0.10611419909044979,0.0,0.0,1.0,0.4,1.0,0.0,0.0,0.0,0.0,-1.0,0.0,1.0,77
764,0.47801920161697836,0.0,-0.5,-0.16666666666666666,0.2,1.0,0.0,0.0,0.0,0.0,0.0,0.0,0.0,64
217,-0.3466397170288024,1.0,-0.5,-0.08333333333333333,0.0,1.0,0.0,0.0,0.0,0.0,0.0,0.0,0.0,48
792,0.16675088428499246,1.0,-0.5,-0.8333333333333334,-0.8,0.0,0.0,0.0,1.0,0.0,-1.0,1.0,0.0,75
53,0.8630621526023246,-1.0,-0.5,-1.0,-0.4,0.0,0.0,0.0,0.0,1.0,-1.0,1.0,0.0,77
879,-0.9348155634158667,0.0,0.0,0.16666666666666666,-0.2,1.0,0.0,0.0,0.0,0.0,0.0,0.0,0.0,29
720,0.4517433046993432,-1.0,-0.5,-0.5833333333333334,0.4,1.0,0.0,0.0,0.0,0.0,-1.0,1.0,0.0,62
725,0.1435068216270844,-1.0,0.0,0.0,0.0,0.0,0.0,1.0,0.0,0.0,0.0,0.0,0.0,60
296,0.040424456796361835,-1.0,-0.5,-0.25,-0.8,1.0,0.0,0.0,0.0,0.0,0.0,0.0,0.0,42
702,-0.8863062152602325,1.0,0.5,0.75,-0.8,1.0,0.0,0.0,0.0,0.0,0.0,0.0,0.0,44
252,-0.22940879231935318,1.0,-0.5,-0.75,0.2,1.0,0.0,0.0,0.0,0.0,0.0,0.0,0.0,48
727,-0.7124810510358767,-1.0,-0.5,0.6666666666666666,0.4,0.0,0.0,1.0,0.0,0.0,-1.0,1.0,0.0,42
462,0.291056088933805,1.0,-0.5,0.6666666666666666,0.6,0.0,0.0,1.0,0.0,0.0,-1.0,0.0,1.0,68
456,-0.017180394138453757,-1.0,-0.5,-0.5,-0.2,0.0,0.0,0.0,0.0,1.0,0.0,0.0,0.0,44
997,0.8196058615462356,-1.0,0.0,0.5833333333333334,0.2,0.0,0.0,0.0,0.0,1.0,0.0,0.0,0.0,74
816,0.034360788276907514,0.0,0.0,0.4166666666666667,0.0,0.0,0.0,0.0,0.0,1.0,-1.0,1.0,0.0,54
270,-0.40929762506316314,0.0,0.5,0.25,-0.8,1.0,0.0,0.0,0.0,0.0,-1.0,1.0,0.0,51
202,-0.8226376958059625,-1.0,0.0,0.6666666666666666,-0.8,1.0,0.0,0.0,0.0,0.0,0.0,0.0,0.0,36
162,0.25770591207680654,0.0,-0.5,0.16666666666666666,-0.6,1.0,0.0,0.0,0.0,0.0,0.0,0.0,0.0,76
556,-0.19302678120262762,1.0,0.5,-0.3333333333333333,0.4,1.0,0.0,0.0,0.0,0.0,-1.0,0.0,1.0,42
730,-0.6659929257200606,0.0,0.0,-0.75,0.6,0.0,0.0,1.0,0.0,0.0,0.0,0.0,0.0,27
402,0.7902981303688734,-1.0,-0.5,-0.75,0.0,1.0,0.0,0.0,0.0,0.0,-1.0,0.0,1.0,77
703,-0.3254168772107125,-1.0,0.0,0.75,0.0,1.0,0.0,0.0,0.0,0.0,-1.0,0.0,1.0,51
477,-0.8428499242041435,-1.0,1.0,-0.5833333333333334,-0.8,0.0,1.0,0.0,0.0,0.0,0.0,0.0,0.0,25
822,-0.9792824658918645,-1.0,0.0,0.3333333333333333,-1.0,1.0,0.0,0.0,0.0,0.0,0.0,0.0,0.0,27
772,0.6801414855987875,-1.0,1.0,0.9166666666666666,0.2,0.0,0.0,0.0,1.0,0.0,0.0,0.0,0.0,97
106,-0.49722081859525,-1.0,0.0,-0.5,-0.2,1.0,0.0,0.0,0.0,0.0,-1.0,0.0,1.0,30
566,0.17382516422435582,-1.0,0.5,0.6666666666666666,-1.0,1.0,0.0,0.0,0.0,0.0,-1.0,1.0,0.0,75
390,0.6013137948458819,0.0,0.5,-0.9166666666666666,-1.0,1.0,0.0,0.0,0.0,0.0,0.0,0.0,0.0,54
2,0.8852956038403235,-1.0,0.5,-0.4166666666666667,0.2,0.0,0.0,1.0,0.0,0.0,-1.0,1.0,0.0,60
938,0.8135421930267811,0.0,-0.5,0.16666666666666666,-1.0,0.0,1.0,0.0,0.0,0.0,-1.0,0.0,1.0,98
983,-0.7781707933299646,0.0,-0.5,0.6666666666666666,0.4,1.0,0.0,0.0,0.0,0.0,-1.0,0.0,1.0,37
562,-0.5689742294087923,0.0,0.5,0.3333333333333333,-0.8,1.0,0.0,0.0,0.0,0.0,0.0,0.0,0.0,46
81,0.7124810510358767,-1.0,0.5,-0.4166666666666667,-0.4,0.0,0.0,0.0,1.0,0.0,-1.0,0.0,1.0,79
206,-0.9701869631126832,1.0,0.5,1.0,0.6,0.0,0.0,0.0,1.0,0.0,0.0,0.0,0.0,50
35,0.9146033350176856,0.0,-0.5,-0.8333333333333334,0.6,1.0,0.0,0.0,0.0,0.0,0.0,0.0,0.0,73
776,-0.6932794340576048,0.0,1.0,-0.5,0.8,1.0,0.0,0.0,0.0,0.0,-1.0,1.0,0.0,24
509,0.8832743810005054,1.0,0.5,0.4166666666666667,-0.8,0.0,0.0,1.0,0.0,0.0,-1.0,0.0,1.0,106
428,0.7609903991915108,1.0,0.5,0.3333333333333333,-0.2,0.0,0.0,0.0,0.0,1.0,0.0,0.0,0.0,122
455,-0.7690752905507832,0.0,1.0,0.0,0.2,1.0,0.0,0.0,0.0,0.0,-1.0,1.0,0.0,28
898,0.7781707933299647,-1.0,0.5,-1.0,0.6,1.0,0.0,0.0,0.0,0.0,0.0,0.0,0.0,45
565,-0.2971197574532592,0.0,0.0,0.4166666666666667,0.0,0.0,1.0,0.0,0.0,0.0,0.0,0.0,0.0,93
346,0.22536634663971708,0.0,0.5,0.08333333333333333,0.0,1.0,0.0,0.0,0.0,0.0,0.0,0.0,0.0,62
777,-0.5366346639717029,-1.0,0.5,0.0,0.8,0.0,0.0,1.0,0.0,0.0,0.0,0.0,0.0,34
242,0.891359272359778,-1.0,0.0,0.08333333333333333,-0.8,0.0,0.0,0.0,1.0,0.0,0.0,0.0,0.0,101
14,-0.5699848408287014,-1.0,0.0,-0.16666666666666666,0.8,1.0,0.0,0.0,0.0,0.0,0.0,0.0,0.0,24
316,0.38302172814552815,-1.0,0.5,-0.5833333333333334,0.0,0.0,0.0,1.0,0.0,0.0,0.0,0.0,0.0,63
601,-0.6558868115209702,0.0,-0.5,-0.3333333333333333,-0.6,1.0,0.0,0.0,0.0,0.0,0.0,0.0,0.0,34
274,0.8115209701869631,0.0,0.0,0.6666666666666666,-0.4,1.0,0.0,0.0,0.0,0.0,0.0,0.0,0.0,79
167,-0.3557352198079838,0.0,1.0,-0.8333333333333334,0.2,0.0,1.0,0.0,0.0,0.0,0.0,0.0,0.0,42
841,-0.9621020717534108,-1.0,0.0,0.75,0.8,1.0,0.0,0.0,0.0,0.0,-1.0,1.0,0.0,28
993,-0.4517433046993431,0.0,0.5,-0.25,0.6,0.0,0.0,1.0,0.0,0.0,0.0,0.0,0.0,41
647,0.1819100555836282,1.0,0.0,-0.08333333333333333,-0.2,1.0,0.0,0.0,0.0,0.0,-1.0,0.0,1.0,60
819,-0.8802425467407781,-1.0,0.5,-0.08333333333333333,-0.8,0.0,0.0,1.0,0.0,0.0,-1.0,1.0,0.0,30
485,0.16270843860535636,0.0,0.0,0.9166666666666666,-1.0,1.0,0.0,0.0,0.0,0.0,0.0,0.0,0.0,79
981,-0.3294593228903486,0.0,0.5,0.5,-0.6,1.0,0.0,0.0,0.0,0.0,-1.0,1.0,0.0,53
505,0.3607882769075291,-1.0,0.5,1.0,0.0,1.0,0.0,0.0,0.0,0.0,0.0,0.0,0.0,71
832,-0.09701869631126823,0.0,0.5,0.5833333333333334,-0.6,0.0,0.0,1.0,0.0,0.0,-1.0,0.0,1.0,71
244,-0.2587165234967155,1.0,0.5,0.16666666666666666,-0.2,0.0,1.0,0.0,0.0,0.0,0.0,0.0,0.0,64
567,-0.21526023244062648,-1.0,0.0,0.75,-0.6,0.0,0.0,1.0,0.0,0.0,0.0,0.0,0.0,50
876,-0.6811520970186963,0.0,0.0,0.0,-0.2,0.0,0.0,1.0,0.0,0.0,-1.0,0.0,1.0,41
687,0.13845376452753927,-1.0,1.0,-0.5833333333333334,-0.4,0.0,0.0,0.0,0.0,1.0,0.0,0.0,0.0,53
783,-0.49216776149570485,1.0,-0.5,0.0,0.2,1.0,0.0,0.0,0.0,0.0,-1.0,0.0,1.0,38
700,-0.040424456796361655,0.0,-0.5,-0.8333333333333334,-1.0,0.0,0.0,1.0,0.0,0.0,-1.0,1.0,0.0,43
476,0.9681657402728652,1.0,0.5,-0.4166666666666667,0.6,0.0,0.0,1.0,0.0,0.0,0.0,0.0,0.0,71
682,-0.4800404244567963,1.0,-0.5,0.5,-0.2,0.0,0.0,0.0,0.0,1.0,0.0,0.0,0.0,59
511,0.22031328954017196,-1.0,0.0,-0.5833333333333334,-0.8,0.0,1.0,0.0,0.0,0.0,0.0,0.0,0.0,62
59,-0.8994441637190499,0.0,-0.5,-0.9166666666666666,-0.4,1.0,0.0,0.0,0.0,0.0,-1.0,1.0,0.0,17
475,0.05154118241536127,0.0,0.5,0.5833333333333334,-0.8,1.0,0.0,0.0,0.0,0.0,-1.0,0.0,1.0,65
561,0.3991915108640729,0.0,0.0,0.5,0.4,1.0,0.0,0.0,0.0,0.0,-1.0,0.0,1.0,70
857,-0.9166245578575039,-1.0,0.0,0.4166666666666667,-0.8,0.0,0.0,0.0,1.0,0.0,0.0,0.0,0.0,39
748,0.08287013643254172,-1.0,0.0,0.08333333333333333,0.4,1.0,0.0,0.0,0.0,0.0,0.0,0.0,0.0,56
253,0.6892369883779689,0.0,0.5,0.6666666666666666,0.0,1.0,0.0,0.0,0.0,0.0,0.0,0.0,0.0,65
22,-0.7134916624557857,0.0,0.0,0.16666666666666666,0.8,1.0,0.0,0.0,0.0,0.0,0.0,0.0,0.0,32
314,0.9085396664982315,0.0,-0.5,1.0,0.8,0.0,1.0,0.0,0.0,0.0,-1.0,1.0,0.0,85
460,-0.7539161192521475,0.0,0.5,-0.5833333333333334,-0.8,0.0,0.0,1.0,0.0,0.0,-1.0,0.0,1.0,29
161,-0.2637695805962607,0.0,0.0,0.4166666666666667,0.6,0.0,1.0,0.0,0.0,0.0,-1.0,0.0,1.0,59
277,0.5851440121273371,0.0,0.5,-0.08333333333333333,0.0,1.0,0.0,0.0,0.0,0.0,0.0,0.0,0.0,64
956,-0.23345123799898937,0.0,0.5,-0.6666666666666666,0.6,0.0,0.0,0.0,0.0,1.0,-1.0,0.0,1.0,35
386,0.5952501263264277,0.0,0.5,-0.4166666666666667,-0.6,1.0,0.0,0.0,0.0,0.0,-1.0,0.0,1.0,78
492,0.23345123799898945,-1.0,0.5,-0.5833333333333334,-0.6,1.0,0.0,0.0,0.0,0.0,-1.0,0.0,1.0,39
770,0.6296109146033353,0.0,-0.5,-0.8333333333333334,-0.8,1.0,0.0,0.0,0.0,0.0,0.0,0.0,0.0,79
309,0.579080343607883,-1.0,0.0,-0.4166666666666667,-0.2,1.0,0.0,0.0,0.0,0.0,-1.0,1.0,0.0,72
662,0.9560384032339565,1.0,0.0,-0.5,0.4,0.0,0.0,1.0,0.0,0.0,-1.0,0.0,1.0,81
131,-0.16574027286508325,-1.0,0.5,1.0,-0.2,0.0,0.0,0.0,1.0,0.0,0.0,0.0,0.0,62
664,-0.5204648812531582,0.0,-0.5,-0.08333333333333333,-0.8,1.0,0.0,0.0,0.0,0.0,-1.0,1.0,0.0,38
872,-0.4547751389590702,1.0,-0.5,-0.5,0.0,1.0,0.0,0.0,0.0,0.0,0.0,0.0,0.0,38
100,-0.7761495704901465,-1.0,0.0,-0.08333333333333333,-0.8,1.0,0.0,0.0,0.0,0.0,0.0,0.0,0.0,29
373,-0.8024254674077816,0.0,-0.5,-0.75,-0.6,0.0,1.0,0.0,0.0,0.0,0.0,0.0,0.0,28
88,0.26781202627589695,0.0,-0.5,0.25,0.6,1.0,0.0,0.0,0.0,0.0,-1.0,0.0,1.0,58
459,-0.8772107124810511,0.0,0.5,-0.25,0.6,1.0,0.0,0.0,0.0,0.0,0.0,0.0,0.0,24
122,0.7771601819100555,0.0,-0.5,0.9166666666666666,0.4,0.0,0.0,0.0,0.0,1.0,-1.0,0.0,1.0,92
615,0.7326932794340578,-1.0,0.0,-0.25,0.2,1.0,0.0,0.0,0.0,0.0,0.0,0.0,0.0,79
21,0.2172814552804447,1.0,-0.5,-0.3333333333333333,0.2,0.0,0.0,1.0,0.0,0.0,0.0,0.0,0.0,70
701,0.06164729661445187,0.0,0.5,-0.8333333333333334,-1.0,0.0,0.0,0.0,0.0,1.0,0.0,0.0,0.0,58
72,-0.5972713491662456,0.0,0.5,-0.9166666666666666,0.4,1.0,0.0,0.0,0.0,0.0,-1.0,0.0,1.0,25
107,-0.17988883274380996,1.0,0.5,-0.3333333333333333,-0.4,1.0,0.0,0.0,0.0,0.0,-1.0,1.0,0.0,54
271,0.6063668519454272,-1.0,-0.5,-0.75,0.8,0.0,0.0,1.0,0.0,0.0,-1.0,0.0,1.0,71
861,0.53966649823143,1.0,0.5,0.75,-0.6,0.0,0.0,0.0,1.0,0.0,-1.0,0.0,1.0,81
436,0.39312784234461856,-1.0,0.0,-0.75,-1.0,1.0,0.0,0.0,0.0,0.0,0.0,0.0,0.0,55
103,-0.3688731682668014,-1.0,1.0,0.5833333333333334,-0.4,0.0,1.0,0.0,0.0,0.0,-1.0,0.0,1.0,58
